,Press,Title,Link
0,세계일보,"檢, ‘제3자 뇌물 혐의’ 이재명 기소… 李 ""검찰 창작 수준 갈수록 떨어져""",https://n.news.naver.com/article/022/0003941111?ntype=RANKING
1,세계일보,"“나라 구하다 죽었냐” 이태원 참사 막말 김미나, 의원직 유지할까?",https://n.news.naver.com/article/022/0003941048?ntype=RANKING
2,세계일보,[단독] 미국 출시도 안된 제품이 ‘미국 1위’? 뷰즈 전자담배 광고에 소비자 혼란,https://n.news.naver.com/article/022/0003941117?ntype=RANKING
3,세계일보,한국 골프장 카트가 세계서 가장 비싼 렌터카? [수민이가 화났어요],https://n.news.naver.com/article/022/0003941149?ntype=RANKING
4,세계일보,김건희 여사 “진돗개 닮았다” 말에…국견 선물한 투르크 최고지도자,https://n.news.naver.com/article/022/0003941006?ntype=RANKING
5,KBS,제보 영상으로 보는 당시 지진 상황,https://n.news.naver.com/article/056/0011739658?ntype=RANKING
6,KBS,유치원생 하원 직전 옥상 구조물 ‘와르르’…“아찔했던 순간” [제보],https://n.news.naver.com/article/056/0011739690?ntype=RANKING
7,KBS,"이재명, 4개 재판 동시다발 진행…일주일 4번 재판 받을 수도",https://n.news.naver.com/article/056/0011739749?ntype=RANKING
8,KBS,‘등산로 살인’ 최윤종 2심도 무기징역…“피해자 공포 헤아릴 수 없어”,https://n.news.naver.com/article/056/0011739735?ntype=RANKING
9,KBS,부안군 4.8 규모 지진…유감신고 잇따라,https://n.news.naver.com/article/056/0011739746?ntype=RANKING
10,한국경제,"""기름 나오는 것도 부러운데…"" 산유국에 또 '잭팟' 터졌다",https://n.news.naver.com/article/015/0004995708?ntype=RANKING
11,한국경제,"""여기가 밀양 성폭행 가해자 집""…김해 아파트 '발칵'",https://n.news.naver.com/article/015/0004995914?ntype=RANKING
12,한국경제,"박세리 가족애 남달랐는데 어쩌다…변호사 ""사건 언급 어렵다""",https://n.news.naver.com/article/015/0004995872?ntype=RANKING
13,한국경제,"""와이프 차로 딱 좋아""…올해만 '5000대' 불티나게 팔렸다",https://n.news.naver.com/article/015/0004995784?ntype=RANKING
14,한국경제,"""일론 머스크, 직원들과 성관계 하더니…"" 충격 폭로 나왔다",https://n.news.naver.com/article/015/0004995877?ntype=RANKING
15,MBC,"故 채 상병 모친 ""박 대령 명예회복과 선처 부탁‥1주기 전에는 진상규명""",https://n.news.naver.com/article/214/0001354368?ntype=RANKING
16,MBC,"""졸렬한 임성근, 국군의 수치‥尹 왜 저런 자 감싸나"" 맹폭",https://n.news.naver.com/article/214/0001354366?ntype=RANKING
17,MBC,"""진실 밝히고 박정훈 명예회복""‥아들 순직 1년 만에 '첫 입장'",https://n.news.naver.com/article/214/0001354416?ntype=RANKING
18,MBC,'동해 가스전 발표' 주가 뛰자‥가스공사 임원들 주식 매도,https://n.news.naver.com/article/214/0001354346?ntype=RANKING
19,MBC,헬스장에 '아줌마 출입 금지' 안내문‥이유는?,https://n.news.naver.com/article/214/0001354278?ntype=RANKING
20,아시아경제,"""단돈 6000원? 대기업들 보고 배워라"" 착한 가격에 난리난 '성심당 빙수'",https://n.news.naver.com/article/277/0005430780?ntype=RANKING
21,아시아경제,김포아파트서 때아닌 택배대란…배송포기 기사에 '동정론' 쏟아진 사연,https://n.news.naver.com/article/277/0005430814?ntype=RANKING
22,아시아경제,"""싼값에 한 봉지 가득 담아간다"" 하루 2000개씩 팔리는 '1000원 빵'[르포]",https://n.news.naver.com/article/277/0005430436?ntype=RANKING
23,아시아경제,"""운동하면서 용돈도 벌어요""…'갓생' 사는 80세 노신사[배달의청춘]②",https://n.news.naver.com/article/277/0005430443?ntype=RANKING
24,아시아경제,"""옆집 남편 불륜목격…아내분께 알려줘야 하나요?""",https://n.news.naver.com/article/277/0005430833?ntype=RANKING
25,비즈워치,"카톡 멈추는 날 사라질까?…카카오, 첫 IDC 열었다",https://n.news.naver.com/article/648/0000026391?ntype=RANKING
26,비즈워치,"""캐릭터로 수백억 번다""…유통업계의 새 먹거리 'IP사업'",https://n.news.naver.com/article/648/0000026381?ntype=RANKING
27,비즈워치,일본 '더현대'에 3000명 몰린 까닭,https://n.news.naver.com/article/648/0000026394?ntype=RANKING
28,비즈워치,"'헤어질 결심' 금감원 MZ직원 잡을 묘수가, 화장실 가림막 커튼?",https://n.news.naver.com/article/648/0000026389?ntype=RANKING
29,비즈워치,간밤 애플 주가 급등하자 함박웃음 지은 관련주는,https://n.news.naver.com/article/648/0000026390?ntype=RANKING
30,국민일보,세브란스병원 27일부터 무기한 휴진… 진료 전면 중단,https://n.news.naver.com/article/005/0001702914?ntype=RANKING
31,국민일보,“죽더라도 조폭 의사에 의지 안해” 루게릭 환자 울분,https://n.news.naver.com/article/005/0001702968?ntype=RANKING
32,국민일보,"“사망 훈련병, 병원 이송 중 잠시 의식 찾곤 ‘죄송하다’”",https://n.news.naver.com/article/005/0001702934?ntype=RANKING
33,국민일보,김일성 비석에 먹물 쫙쫙 영상… 北 반체제 세력?,https://n.news.naver.com/article/005/0001702903?ntype=RANKING
34,국민일보,2개월 만에 공개된 푸바오…드러누워 죽순 먹방[포착],https://n.news.naver.com/article/005/0001702899?ntype=RANKING
35,매일경제,"“우연한 계기로 검사 했는데”…‘암투병’ 고백, 걸그룹 출신 여배우",https://n.news.naver.com/article/009/0005317540?ntype=RANKING
36,매일경제,"“2억 들여 성형했는데”…‘입 비뚤, 눈 엉망’ 中 유명 트렌스젠더, 충격",https://n.news.naver.com/article/009/0005317601?ntype=RANKING
37,매일경제,5천만원 들고 ‘모텔 대실’로 시작했는데...12조 ‘돈벼락’ 맞는 이 회사,https://n.news.naver.com/article/009/0005317569?ntype=RANKING
38,매일경제,"“예의바른 척 하지만 뼛속까지 비열”…손흥민 맹비난 中네티즌, 왜?",https://n.news.naver.com/article/009/0005317487?ntype=RANKING
39,매일경제,"“국가대표라고 부르지도 말라”…일본에 0-5 참패, 국민들 분노 폭발했다",https://n.news.naver.com/article/009/0005317417?ntype=RANKING
40,YTN,격리 2개월 만에 대중 공개...수의사가 본 푸바오 상태 [Y녹취록],https://n.news.naver.com/article/052/0002047260?ntype=RANKING
41,YTN,패배 후 오열한 중국 골키퍼…손흥민이 안아줬다,https://n.news.naver.com/article/052/0002047231?ntype=RANKING
42,YTN,"검찰, '쌍방울 대북송금' 이재명 기소...제3자뇌물 등 혐의",https://n.news.naver.com/article/052/0002047254?ntype=RANKING
43,YTN,직원들 메신저 대화 무단열람한 강형욱 부부 피소,https://n.news.naver.com/article/052/0002047262?ntype=RANKING
44,YTN,"SBS 출신 개그맨, 김호중 소속사·정찬우 고소…무슨 일?",https://n.news.naver.com/article/052/0002047064?ntype=RANKING
45,조선일보,나경원 “이재명 대통령 돼도 직 상실? 그건 허망한 기대”,https://n.news.naver.com/article/023/0003839867?ntype=RANKING
46,조선일보,"검찰, ‘불법 대북 송금’ 이화영 1심 판결에 항소…“더 중한 형 선고돼야”",https://n.news.naver.com/article/023/0003839879?ntype=RANKING
47,조선일보,도로 한복판에 강아지 두고 ‘쌩’…”급하게 문 닫고 떠났다”,https://n.news.naver.com/article/023/0003839824?ntype=RANKING
48,조선일보,‘먹방 유튜버’ 37세 나이에 사망…비만으로 심장마비 추정,https://n.news.naver.com/article/023/0003839863?ntype=RANKING
49,조선일보,"‘아버지 고발’ 박세리, 상금만 200억... “부모님 다 드렸다” 과거 발언 재조명",https://n.news.naver.com/article/023/0003839834?ntype=RANKING
50,JTBC,"연대의대·세브란스병원 교수들 ""27일부터 무기한 휴진""",https://n.news.naver.com/article/437/0000396817?ntype=RANKING
51,JTBC,"김동연 ""당헌·당규 개정 이의 있다···왜 하필 지금?"" 반기에 개딸 ""뒤통수치네""",https://n.news.naver.com/article/437/0000396830?ntype=RANKING
52,JTBC,"[사반 제보] ""20년 키운 뽕나무를""...캠핑장 무단 침입한 절도범들",https://n.news.naver.com/article/437/0000396741?ntype=RANKING
53,JTBC,"채상병 어머니 ""아들, 이 세상 어딘가 숨 쉬고 있을 것 같아""…심경 담은 편지 공개",https://n.news.naver.com/article/437/0000396800?ntype=RANKING
54,JTBC,우리나라에서도 '골드 러시'?…하천 바닥 긁는 사람들 쫓아가보니,https://n.news.naver.com/article/437/0000396827?ntype=RANKING
55,연합뉴스TV,"[씬속뉴스] 푸바오 중국생활 두 달 만에 첫공개…죽순 먹방하며 ""오랜만이에요""",https://n.news.naver.com/article/422/0000664754?ntype=RANKING
56,연합뉴스TV,[속보] '등산로 살인' 최윤종 2심도 무기징역 선고,https://n.news.naver.com/article/422/0000664744?ntype=RANKING
57,연합뉴스TV,"민주, 법사위 단독 소집…이재명 대북송금 기소 공방",https://n.news.naver.com/article/422/0000664743?ntype=RANKING
58,연합뉴스TV,[씬속뉴스] BTS 맏형이 돌아왔다!…휴가 나온 멤버들도 함께 '들썩',https://n.news.naver.com/article/422/0000664751?ntype=RANKING
59,연합뉴스TV,"부안서 규모 4.8 지진…""단층 수평 이동해 발생""",https://n.news.naver.com/article/422/0000664737?ntype=RANKING
60,연합뉴스,부산 광안대교서 추돌 차량이 공사 작업자 덮쳐 7명 중경상(종합),https://n.news.naver.com/article/001/0014743032?ntype=RANKING
61,연합뉴스,"이재명, 4개 재판 동시다발 진행…'사법리스크' 재점화",https://n.news.naver.com/article/001/0014742564?ntype=RANKING
62,연합뉴스,"""누가 의사들을 노예라 생각하나…명분없는 휴진 중단해야""",https://n.news.naver.com/article/001/0014742859?ntype=RANKING
63,연합뉴스,"유창한 영어로 北선전하던 유튜버 '송아'…""교육영상 제작 참여""",https://n.news.naver.com/article/001/0014742601?ntype=RANKING
64,연합뉴스,"BTS 진, 멤버들 환영 속 전역…""기쁘고 눈물나, 군 생활 잘했죠""(종합)",https://n.news.naver.com/article/001/0014742492?ntype=RANKING
65,한겨레,"‘얼차려 사망’ 병사 쓰러지자 “일어나, 너 때문에 애들 못 가잖아”",https://n.news.naver.com/article/028/0002693405?ntype=RANKING
66,한겨레,손흥민 ‘3대0’ 손가락 도발에…중국 누리꾼들 “사실은 이런 뜻”,https://n.news.naver.com/article/028/0002693374?ntype=RANKING
67,한겨레,"‘벌러덩’ 빠져드는 죽순 먹방…푸바오, 두 달 만에 대중 공개",https://n.news.naver.com/article/028/0002693404?ntype=RANKING
68,한겨레,서울대 이어 세브란스병원도 ‘무기한 휴진’…27일부터,https://n.news.naver.com/article/028/0002693399?ntype=RANKING
69,한겨레,“불닭볶음면을 당장 버리십시오” 난데없이 리콜 터진 이 나라,https://n.news.naver.com/article/028/0002693406?ntype=RANKING
70,동아일보,“한국 가장 강했다” 주저앉아 오열한 中골키퍼…손흥민이 안아줬다,https://n.news.naver.com/article/020/0003570092?ntype=RANKING
71,동아일보,"식물성 고기, 건강식인줄 알았는데… “심장병 위험 높여”",https://n.news.naver.com/article/020/0003570101?ntype=RANKING
72,동아일보,투르크메니스탄 국견(國犬) 선물 받은 尹대통령 부부[청계천 옆 사진관],https://n.news.naver.com/article/020/0003570076?ntype=RANKING
73,동아일보,꽃 한송이 꺾은 치매 할머니…합의금 35만원 요구한 관리사무소,https://n.news.naver.com/article/020/0003570109?ntype=RANKING
74,동아일보,"세브란스병원 교수들, 27일부터 ‘무기한 휴진’ 돌입",https://n.news.naver.com/article/020/0003570136?ntype=RANKING
75,SBS,공공 텃밭에 수상한 빨간 꽃…조사 나선 구청 '화들짝',https://n.news.naver.com/article/055/0001162654?ntype=RANKING
76,SBS,"'등산로 성폭행·살인' 최윤종, 2심도 무기징역",https://n.news.naver.com/article/055/0001162812?ntype=RANKING
77,SBS,한반도 '지진 안전지대' 아니다…4.8보다 더한 강진 언제든 가능,https://n.news.naver.com/article/055/0001162759?ntype=RANKING
78,SBS,"""맛 이상하잖아"" 컵 던지고 욕설…손님 정체 밝혀지자 논란",https://n.news.naver.com/article/055/0001162659?ntype=RANKING
79,SBS,"'삑' 소리 몇 초 뒤 ""온몸에 소름""…출근길 시민들 공포",https://n.news.naver.com/article/055/0001162700?ntype=RANKING
80,중앙일보,"""부대원 식사"" 도시락 480개 주문하고…'노쇼'한 대령 정체",https://n.news.naver.com/article/025/0003366328?ntype=RANKING
81,중앙일보,"헬로비너스 출신 유아라, 암 투병 고백 ""긴급 수술 후 회복 중""",https://n.news.naver.com/article/025/0003366308?ntype=RANKING
82,중앙일보,"""금액 어마어마""…'수원의 딸' 카리나가 부산서 시구한 이유",https://n.news.naver.com/article/025/0003366297?ntype=RANKING
83,중앙일보,"""의사들 조폭 같다, 죽음 내몰아""…서울대병원 앞 중증환자 외침",https://n.news.naver.com/article/025/0003366368?ntype=RANKING
84,중앙일보,유창한 영어로 北 선전하더니…사라진 유튜버 '송아' 깜짝 근황,https://n.news.naver.com/article/025/0003366369?ntype=RANKING
85,뉴스1,세브란스병원 교수들도 27일부터 '무기한 휴진' 돌입,https://n.news.naver.com/article/421/0007596432?ntype=RANKING
86,뉴스1,"권익위 '김여사 명품백 종결' 해명에 진땀…""배우자 규정 없다""",https://n.news.naver.com/article/421/0007596949?ntype=RANKING
87,뉴스1,"""군인이라며 도시락 480개 주문 후 노쇼""…대대장 결재 서류도 있었다",https://n.news.naver.com/article/421/0007596042?ntype=RANKING
88,뉴스1,"""푸바오, 반갑다""…중국서 첫 공개되자마자 '대나무 먹방' 씩씩",https://n.news.naver.com/article/421/0007596373?ntype=RANKING
89,뉴스1,"""남친이 4시간 폭행·강간…피해 영상 냈는데 짧다며 '증거 불충분' 억울""",https://n.news.naver.com/article/421/0007596272?ntype=RANKING
90,경향신문,"유승민 “윤 대통령, 저런 자 왜 감싸나”···임성근 탄원서 맹비판",https://n.news.naver.com/article/032/0003301785?ntype=RANKING
91,경향신문,"쓰러진 ‘얼차려 사망’ 훈련병에 중대장 “일어나, 너 때문에 애들 못 가잖아”",https://n.news.naver.com/article/032/0003301870?ntype=RANKING
92,경향신문,"우상호 “민주당 당헌 개정, 공정성 시비 우려…국회의장은 의원이 뽑아야”[스팟+터뷰]",https://n.news.naver.com/article/032/0003301859?ntype=RANKING
93,경향신문,선지자의 이름으로 농담하다니…‘무함마드’ 개그한 인니 코미디언 징역형,https://n.news.naver.com/article/032/0003301861?ntype=RANKING
94,경향신문,“군인은 국가 필요시 죽어주도록 훈련”···천하람 “정신 나가” 격앙,https://n.news.naver.com/article/032/0003301836?ntype=RANKING
95,부산일보,부산 광안대교 상판서 차량 5대 추돌… 7명 부상,https://n.news.naver.com/article/082/0001274364?ntype=RANKING
96,부산일보,"'등산로 살인' 최윤종, 항소심도 무기징역",https://n.news.naver.com/article/082/0001274358?ntype=RANKING
97,부산일보,부산 요양병원 화장실 창문으로 치매 환자 추락사,https://n.news.naver.com/article/082/0001274362?ntype=RANKING
98,부산일보,"저녁시간 도로 위 '역주행' 전동스쿠터, 택시와 충돌… 60대 숨져",https://n.news.naver.com/article/082/0001274360?ntype=RANKING
99,부산일보,"""대령인데, 부대원 먹을 도시락 480개 주문할게요""… 군인 사칭 사기였다",https://n.news.naver.com/article/082/0001274377?ntype=RANKING
100,미디어오늘,"[아침신문 솎아보기] 조선일보 ""김건희 명품백 사건 종결, 권익위 존재 이유 의심""",https://n.news.naver.com/article/006/0000124380?ntype=RANKING
101,미디어오늘,서영교 의원이 국회에서 무노동 무임금을 이야기한 사연,https://n.news.naver.com/article/006/0000124384?ntype=RANKING
102,미디어오늘,"JTBC ""연속된 적자 불가피""... 내부 ""탈출 생각뿐""",https://n.news.naver.com/article/006/0000124385?ntype=RANKING
103,미디어오늘,"고민정, KBS 부당인사 법원 판단에 ""박민, 땡윤방송 대가 치를 준비해야""",https://n.news.naver.com/article/006/0000124383?ntype=RANKING
104,미디어오늘,민주당 의원의 업무보고 군기잡기? 조선일보 보도 맞나,https://n.news.naver.com/article/006/0000124388?ntype=RANKING
105,한국일보,손이 더럽다는 생각에 하루에도 수십 번씩 손을 씻는다면?,https://n.news.naver.com/article/469/0000806315?ntype=RANKING
106,한국일보,"미국인 4명에 칼부림 중국인 체포... 이유는 ""부딪혀서""",https://n.news.naver.com/article/469/0000806426?ntype=RANKING
107,한국일보,"""밀양 성폭행 가해자, 여기 삽니다""… 김해 아파트 민원 폭주",https://n.news.naver.com/article/469/0000806451?ntype=RANKING
108,한국일보,"""벽 갈라져"" ""北 대포 쏜 줄""… 부안 규모 4.8 지진에 놀란 시민들",https://n.news.naver.com/article/469/0000806379?ntype=RANKING
109,한국일보,"""얼차려 중대장, 후송 때 병원에 축소 설명 의혹""… 추가 폭로 나왔다",https://n.news.naver.com/article/469/0000806421?ntype=RANKING
110,조선비즈,"“‘천재적 디제잉’ 국위선양”… 만취운전 사망사고 낸 DJ, 선처 호소",https://n.news.naver.com/article/366/0000997938?ntype=RANKING
111,조선비즈,“벽이 쫙 갈라져” “전쟁 난 줄”… 올해 최강 부안 지진에 ‘깜짝’,https://n.news.naver.com/article/366/0000997917?ntype=RANKING
112,조선비즈,‘경영권 분쟁’ 리튬포어스 전웅 대표 사기·배임 혐의로 고발당해,https://n.news.naver.com/article/366/0000997926?ntype=RANKING
113,조선비즈,[단독] 구찌 핸드백 가격 최대 8% 올라… 끝 없는 명품 가격 인상 행렬,https://n.news.naver.com/article/366/0000997947?ntype=RANKING
114,조선비즈,“1㎝ 더 키우세요” 급팽창한 ‘키 크는 주사’ 시장…정부 점검 나선다,https://n.news.naver.com/article/366/0000997915?ntype=RANKING
115,헤럴드경제,"‘北소녀 유튜버’ 2만 구독자 송아, 갑자기 사라졌는데…‘깜짝 근황’ 공개됐다",https://n.news.naver.com/article/016/0002320894?ntype=RANKING
116,헤럴드경제,폭발한 한혜진 담장까지 세웠다…답 없는 ‘사유지 주차 빌런’ [부동산360],https://n.news.naver.com/article/016/0002320573?ntype=RANKING
117,헤럴드경제,“모텔 대실 우습게 봤는데” 돈방석…이 정도일 줄 몰랐다,https://n.news.naver.com/article/016/0002320485?ntype=RANKING
118,헤럴드경제,또 남친이 죽였다…광진구서 흉기 찔린 채 발견된 20대女,https://n.news.naver.com/article/016/0002320380?ntype=RANKING
119,헤럴드경제,"‘부친 고발’ 박세리 “상금 200억, 부모님 다 드렸다”…과거 발언 재조명",https://n.news.naver.com/article/016/0002320843?ntype=RANKING
120,이데일리,“잠시 아이 좀 맡길게요” 시간당 2000원에 아이 돌봐주는 어린이집,https://n.news.naver.com/article/018/0005762072?ntype=RANKING
121,이데일리,"사라진 예비신랑, 범인은 약혼녀를 짝사랑한 남자였나 [그해 오늘]",https://n.news.naver.com/article/018/0005761717?ntype=RANKING
122,이데일리,"“이정도 양에 6000원?”…성심당, 팥빙수도 ‘호평 일색’",https://n.news.naver.com/article/018/0005762152?ntype=RANKING
123,이데일리,"“출근길에 전쟁난 줄”…부안 4.8 지진, CCTV에 포착된 순간(영상)",https://n.news.naver.com/article/018/0005762142?ntype=RANKING
124,이데일리,"사망 훈련병, 직접 사인은 ‘다발성 장기부전’…의무기록 없었다",https://n.news.naver.com/article/018/0005762207?ntype=RANKING
125,서울경제,"""커피, 콜라, 물도 아니었다"" 우크라 군인들은 '이 음료'만 찾는다는데",https://n.news.naver.com/article/011/0004351858?ntype=RANKING
126,서울경제,"신촌·강남·용인세브란스병원 교수들, 27일부터 무기한 휴진 ‘초강수’",https://n.news.naver.com/article/011/0004352229?ntype=RANKING
127,서울경제,퇴근 후 '치맥' 즐기던 내 친구…스치기만 해도 아픈 '이 병' 걸렸다,https://n.news.naver.com/article/011/0004351881?ntype=RANKING
128,서울경제,"[영상] 푸바오, 산속 '타운하우스'에서 사네…""이웃 사촌도 생겼어요""",https://n.news.naver.com/article/011/0004351898?ntype=RANKING
129,서울경제,아직 6월 초인데 이게 맞는 건가요…해 뜨기 전부터 더운 날씨에 잠 못 드는 '강릉',https://n.news.naver.com/article/011/0004352171?ntype=RANKING
130,파이낸셜뉴스,"""정신 나갔다"" 커뮤니티서 난리 난 '성심당' 팥빙수 가격",https://n.news.naver.com/article/014/0005198144?ntype=RANKING
131,파이낸셜뉴스,"""도장 찍으라고 강요"" SBS 개그맨, '김호중 소속사' 대표·정찬우 고소",https://n.news.naver.com/article/014/0005198025?ntype=RANKING
132,파이낸셜뉴스,"유재환, 80만원 명품티 입고 ""연예인들에 1억 빌렸다""",https://n.news.naver.com/article/014/0005198312?ntype=RANKING
133,파이낸셜뉴스,"""가족여행 중 강아지 유기 장면을 목격했습니다""",https://n.news.naver.com/article/014/0005198121?ntype=RANKING
134,파이낸셜뉴스,삼성전자 따라가기 바빴나… 강력한 한 방 없었던 애플 AI [애플 세계개발자회의 2024],https://n.news.naver.com/article/014/0005197982?ntype=RANKING
135,한국경제TV,"코스피, 0.84%↑ 마감…삼전, 나흘만에 '반등'",https://n.news.naver.com/article/215/0001166147?ntype=RANKING
136,한국경제TV,"""벌써 35도? 오히려 좋아""…주가 99% 폭등 [백브리핑]",https://n.news.naver.com/article/215/0001166092?ntype=RANKING
137,한국경제TV,"""포항 영일만항 두 배 확장""…상한가 직행",https://n.news.naver.com/article/215/0001166118?ntype=RANKING
138,한국경제TV,올해 '최강'…'혼비백산',https://n.news.naver.com/article/215/0001166108?ntype=RANKING
139,한국경제TV,"""문화 현상 됐다""…뉴욕타임스 '극찬'",https://n.news.naver.com/article/215/0001166043?ntype=RANKING
140,서울신문,“안아주세요” 이상하게 굴던 ‘262만 유튜버’…의원된 근황에 충격,https://n.news.naver.com/article/081/0003457209?ntype=RANKING
141,서울신문,“부대원 식사” 도시락 480개 주문하고 ‘노쇼’한 대령의 정체는,https://n.news.naver.com/article/081/0003457212?ntype=RANKING
142,서울신문,"“일본여행 가도 되나”…‘치사율 30%’ 감염병 확산하는 日, 백신도 없어",https://n.news.naver.com/article/081/0003456969?ntype=RANKING
143,서울신문,영어로 北 선전하던 유튜버 ‘송아’ 근황 보니…“교육 영상 제작 참여”,https://n.news.naver.com/article/081/0003457222?ntype=RANKING
144,서울신문,사은품 빼돌린 오뚜기 직원… 3년간 20억 ‘꿀꺽’,https://n.news.naver.com/article/081/0003457220?ntype=RANKING
145,TV조선,"""25만원 민생지원금 등 포퓰리즘 정책은 망국의 길""",https://n.news.naver.com/article/448/0000462163?ntype=RANKING
146,TV조선,"검찰, '쌍방울 대북송금' 이재명 기소…제3자뇌물 등 혐의",https://n.news.naver.com/article/448/0000462134?ntype=RANKING
147,TV조선,"[단독] ""왜 행패 부려""…와인병으로 외국인 손님 폭행한 클럽 사장 입건",https://n.news.naver.com/article/448/0000462132?ntype=RANKING
148,TV조선,"러시아 핵잠수함, 미사일 훈련 후 미국 바로 밑 쿠바로",https://n.news.naver.com/article/448/0000462149?ntype=RANKING
149,TV조선,"한솥, 인테리어비 떼어먹다 자진시정안 내놔",https://n.news.naver.com/article/448/0000462131?ntype=RANKING
150,아이뉴스24,"위피 ""2030 여성, 이성 프로필 볼 때 MBTI보다 '이것' 본다""",https://n.news.naver.com/article/031/0000843771?ntype=RANKING
151,아이뉴스24,"[헬스+] ""허리 아프기 싫으시죠? 이 '4가지' 꼭 지키세요""",https://n.news.naver.com/article/031/0000843744?ntype=RANKING
152,아이뉴스24,"아파트 화단 꽃 한 송이 꺾은 80대, 절도죄로 검찰행",https://n.news.naver.com/article/031/0000843895?ntype=RANKING
153,아이뉴스24,"연세 의대·세브란스병원 교수들, 27일부터 무기한 휴진",https://n.news.naver.com/article/031/0000843926?ntype=RANKING
154,아이뉴스24,"국민의힘, '대북송금' 이재명 기소에 ""쫄리면 지는 것""",https://n.news.naver.com/article/031/0000843925?ntype=RANKING
155,문화일보,"[단독]한동훈, 여당 영입인사 줄만남… 당대표 출마결심 굳혔나",https://n.news.naver.com/article/021/0002642598?ntype=RANKING
156,문화일보,"[속보]‘등산로 살인’ 최윤종, 1심 이어 2심도 무기징역 선고",https://n.news.naver.com/article/021/0002642621?ntype=RANKING
157,문화일보,“교수와 학생 성관계 안돼”…강력 단속 나선 이 대학,https://n.news.naver.com/article/021/0002642458?ntype=RANKING
158,문화일보,‘전자담배 중독’ 10대 여고생…폐에 무슨 일이?,https://n.news.naver.com/article/021/0002642573?ntype=RANKING
159,문화일보,"이준석 “윤, 순방비용 까는 순간 보수진영 ‘대탈주극’ 시작”",https://n.news.naver.com/article/021/0002642417?ntype=RANKING
160,뉴스타파,"[증인매수 의혹]① 쌍방울, 대북송금 핵심 증인 '금품 매수' 정황 포착",https://n.news.naver.com/article/607/0000002019?ntype=RANKING
161,뉴스타파,[현장에서] 수원대 '사학비리 끝판왕'의 복귀...그리고 교육부의 직무유기,https://n.news.naver.com/article/607/0000002018?ntype=RANKING
162,뉴스타파,"김성태 공범 안부수 판결문엔 ""쌍방울 주가 띄우려 대북 송금""",https://n.news.naver.com/article/607/0000002017?ntype=RANKING
163,채널A,고 채상병 모친 “박정훈 대령 선처 간곡히 부탁”,https://n.news.naver.com/article/449/0000277293?ntype=RANKING
164,채널A,"[정치시그널]장동혁 “한동훈 출마한다면, 당 대표와 협력할 사람들을 최고위원으로 둬야”",https://n.news.naver.com/article/449/0000277288?ntype=RANKING
165,채널A,[현장영상]이재명 “기소를 했다고요? 허허허 말 같지 않은”,https://n.news.naver.com/article/449/0000277314?ntype=RANKING
166,채널A,"‘신림동 성폭행 살인범’ 최윤종, 2심도 무기징역",https://n.news.naver.com/article/449/0000277311?ntype=RANKING
167,채널A,세브란스병원 ‘무기한 휴진’ 결정…27일부터 시작,https://n.news.naver.com/article/449/0000277309?ntype=RANKING
168,강원일보,"""공사장에서 나는 폭발음인 줄""…전북 부안 남남서쪽서 규모 4.8 지진",https://n.news.naver.com/article/087/0001049709?ntype=RANKING
169,강원일보,"철원 동송읍 양지리 마을길에서 수류탄 발견…軍, 긴급 출동해 수거",https://n.news.naver.com/article/087/0001049755?ntype=RANKING
170,강원일보,"[속보]""군기훈련 사망 훈련병 사인은 패혈성 쇼크에 따른 다발성 장기부전""",https://n.news.naver.com/article/087/0001049787?ntype=RANKING
171,강원일보,"'北 오물풍선'에 차 앞유리창 박살…보험사 ""본인 일부부담·1년 할인유예""",https://n.news.naver.com/article/087/0001049733?ntype=RANKING
172,강원일보,"[속보]권익위, ""김건희 여사 명품백 대통령기록물 적용돼도 신고 의무 없어…처벌 규정 없다고 판단""",https://n.news.naver.com/article/087/0001049807?ntype=RANKING
173,코메디닷컴,"""코가 뭉개졌다"" 코에 계속 염증...의사 '괜찮다'했는데 희귀질환, 무슨 병?",https://n.news.naver.com/article/296/0000078789?ntype=RANKING
174,코메디닷컴,"""펜뚜껑도? 별것 다 들어갔네""...귀에서 빼낸 기이한 10가지",https://n.news.naver.com/article/296/0000078782?ntype=RANKING
175,코메디닷컴,"“48세 맞아?” 유지연, 깐달걀 피부... ‘이 성분’이 비결?",https://n.news.naver.com/article/296/0000078753?ntype=RANKING
176,코메디닷컴,"식후 유독 졸리고 피곤하다면?...‘이 문제’ 가능성 높아, 해결법은?",https://n.news.naver.com/article/296/0000078776?ntype=RANKING
177,코메디닷컴,‘단백질 파우더’ 먹으면 진짜 살 찔까?... 주의해야 할 섭취 방법 3,https://n.news.naver.com/article/296/0000078772?ntype=RANKING
178,머니투데이,꽃 한송이 꺾은 치매 할머니…합의금 35만원 요구한 관리사무소,https://n.news.naver.com/article/008/0005049552?ntype=RANKING
179,머니투데이,"[단독]""105층→55층 안돼"" 백지화 초강수…서울시-현대차 이번주 만난다",https://n.news.naver.com/article/008/0005049483?ntype=RANKING
180,머니투데이,"""죄송""…실려가던 '얼차려 사망' 훈련병, 잠시 의식 찾았을 때 한 말",https://n.news.naver.com/article/008/0005049683?ntype=RANKING
181,머니투데이,"관리실 앞에 택배 '수북'…뿔난 기사 ""직접 찾아가라"", 무슨 일?",https://n.news.naver.com/article/008/0005049617?ntype=RANKING
182,머니투데이,"""가뜩이나 장사 안 되는데""…오르는 간장값, 게장 골목 '한숨' 푹[르포]",https://n.news.naver.com/article/008/0005049658?ntype=RANKING
183,시사저널,"이재명, 尹‧與 작심비판…""권력 줬더니 보복이나 하고""",https://n.news.naver.com/article/586/0000080459?ntype=RANKING
184,시사저널,"[윤상현 인터뷰] ""'문재인 특검법'도 준비 완료…지금은 '한동훈의 시간' 아냐""",https://n.news.naver.com/article/586/0000080445?ntype=RANKING
185,시사저널,점점 완성되는 '이재명의 민주당'…당심 키운 만큼 민심도 커질까,https://n.news.naver.com/article/586/0000080474?ntype=RANKING
186,시사저널,"채상병 모친 ""누구의 지시로 아들 희생됐나…박정훈 명예회복 돼야""",https://n.news.naver.com/article/586/0000080454?ntype=RANKING
187,시사저널,비상등 켜진 '빅5'…세브란스병원 교수도 가운 벗는다,https://n.news.naver.com/article/586/0000080480?ntype=RANKING
188,디지털타임스,"개그맨 김영민, ‘이재명 지지’ 수다맨 강성범 직격…“그에게 ‘슈퍼챗’ 쏘는 이유는?”",https://n.news.naver.com/article/029/0002879688?ntype=RANKING
189,디지털타임스,"진중권 “민주, ‘수령 체제’ 조선노동당 같아…‘이재명 대통령’ 만들겠다는 것”",https://n.news.naver.com/article/029/0002879583?ntype=RANKING
190,디지털타임스,유창한 영어로 북한 선전하던 2만 유튜버 `송아`…깜짝 근황 보니,https://n.news.naver.com/article/029/0002879739?ntype=RANKING
191,디지털타임스,"""아파트 20층 사는데 소름, 4D 영화관 온 줄""…곳곳서 지진 흔들림 신고",https://n.news.naver.com/article/029/0002879662?ntype=RANKING
192,디지털타임스,"이재명, `쌍방울 대북송금` 기소에 ""檢 창작수준 갈수록 떨어져...엉터리 사건""",https://n.news.naver.com/article/029/0002879720?ntype=RANKING
193,SBS Biz,[단독] 정가 높이고 반값 할인?…무신사 '꼼수 가격' 단속한다,https://n.news.naver.com/article/374/0000387595?ntype=RANKING
194,SBS Biz,3년간 20억 '슬쩍'…무상 지급 사은품 빼돌린 오뚜기 직원들 집유,https://n.news.naver.com/article/374/0000387557?ntype=RANKING
195,SBS Biz,오물풍선 차량 피해 보험처리 된다…보험사 첫 보상,https://n.news.naver.com/article/374/0000387630?ntype=RANKING
196,SBS Biz,"""너무 매워서 위험""…덴마크, 핵불닭볶음면 리콜",https://n.news.naver.com/article/374/0000387631?ntype=RANKING
197,SBS Biz,세브란스도 27일부터 손 놓는다…'무기한' 휴진 결의,https://n.news.naver.com/article/374/0000387621?ntype=RANKING
198,매일신문,"[화보] 대구 온 유인촌 장관, 홍준표 시장·동화사 의현 스님·대구 천주교 조환길 대주교 만났다",https://n.news.naver.com/article/088/0000884905?ntype=RANKING
199,매일신문,"""욕한 XX 걸리면…"" 어린이집 앞 주차하는 차주의 분노",https://n.news.naver.com/article/088/0000884651?ntype=RANKING
200,매일신문,"[속보] 권익위 ""김건희 명품백, 대통령 직무관련성 없어…신고 대상도 아냐""",https://n.news.naver.com/article/088/0000884935?ntype=RANKING
201,매일신문,"이재명, 檢 기소에 ""창작 수준 갈수록 떨어져""",https://n.news.naver.com/article/088/0000884917?ntype=RANKING
202,매일신문,"'얼차려 사망 훈련병' 사인, '패혈성 쇼크에 따른 다발성장기부전'",https://n.news.naver.com/article/088/0000884906?ntype=RANKING
203,시사IN,“나도 잘살고 싶었다” 막지 못한 전세사기 여덟 번째 죽음,https://n.news.naver.com/article/308/0000035007?ntype=RANKING
204,시사IN,Army Tire [굽시니스트 시사 만화],https://n.news.naver.com/article/308/0000035005?ntype=RANKING
205,시사IN,"청소년 도박, 방조하고 방치한 어른들의 책임 [취재 뒷담화]",https://n.news.naver.com/article/308/0000035006?ntype=RANKING
206,시사IN,‘에코백’ 들고 해외순방 나선 김건희 [김은지의 뉴스IN],https://n.news.naver.com/article/308/0000035003?ntype=RANKING
207,시사IN,정치는 전세를 어떻게 망가뜨렸나?,https://n.news.naver.com/article/308/0000035008?ntype=RANKING
208,전주MBC,"부안 지진 1시간 반만에 여진 12차례..""0.6~1.5 규모""",https://n.news.naver.com/article/659/0000022332?ntype=RANKING
209,전주MBC,부안군 남쪽 4km 규모 3.1 지진 추가 발생,https://n.news.naver.com/article/659/0000022344?ntype=RANKING
210,전주MBC,한국인이 좋아하는 역대 대통령은 '노무현'[한국갤럽],https://n.news.naver.com/article/659/0000022348?ntype=RANKING
211,전주MBC,꽃 한 송이 꺾었다가 절도범된 80대 할머니,https://n.news.naver.com/article/659/0000022347?ntype=RANKING
212,전주MBC,"""학교도 흔들""..부안 규모 4.8 지진·피해 신고 잇따라",https://n.news.naver.com/article/659/0000022343?ntype=RANKING
213,kbc광주방송,"못다 이룬 주짓수 국가대표 꿈..17살 박유현 군, 생명 나누고 하늘의 별로",https://n.news.naver.com/article/660/0000062779?ntype=RANKING
214,kbc광주방송,"""내장 보이고 피범벅.."" 인천 농장, 들개 무리 습격에 초토화",https://n.news.naver.com/article/660/0000062738?ntype=RANKING
215,kbc광주방송,"이재명, '쌍방울 대북송금' 관련 기소..尹정부 들어 5번째 기소",https://n.news.naver.com/article/660/0000062789?ntype=RANKING
216,kbc광주방송,'대왕고래'에 주가 치솟자 주식 대거 매도한 한국가스공사 임원들,https://n.news.naver.com/article/660/0000062786?ntype=RANKING
217,kbc광주방송,"'신림동 성폭행 살인' 최윤종, 2심도 무기징역",https://n.news.naver.com/article/660/0000062793?ntype=RANKING
218,MBN,"조국·추미애 ""검찰 수사권 폐지…중대범죄수사청·공소청 신설""",https://n.news.naver.com/article/057/0001823207?ntype=RANKING
219,MBN,"[속보] 코스피 2728.17(▲22.85p, 0.84%), 원·달러 환율 1376.2(▼2.2원) 마감",https://n.news.naver.com/article/057/0001823217?ntype=RANKING
220,MBN,"前 SBS 개그맨, 김호중 소속사 대표·정찬우 고소",https://n.news.naver.com/article/057/0001823111?ntype=RANKING
221,MBN,"배현진 ""고민정, 예우해줄 때 자제…'타지마할행 몰랐다' 해명해야""",https://n.news.naver.com/article/057/0001823212?ntype=RANKING
222,MBN,당당하게 200m 역주행…13개 법규 위반한 운전자 검거,https://n.news.naver.com/article/057/0001823203?ntype=RANKING
223,블로터,"흑자 낸 컴투스, 곳간 줄인 '진짜' 이유",https://n.news.naver.com/article/293/0000055297?ntype=RANKING
224,블로터,'불 나면 바로 진압' 카카오 데이터센터…'전력·통신·서버' 이중화로 중무장[현장+],https://n.news.naver.com/article/293/0000055293?ntype=RANKING
225,블로터,"[JV 재구성] '배터리社 맞손' 현대차, 전기차시장 공략 파트너십 구축",https://n.news.naver.com/article/293/0000055272?ntype=RANKING
226,블로터,"'반등 모색' 제네시스, 부산모빌리티쇼서 신형 콘셉트카 공개",https://n.news.naver.com/article/293/0000055289?ntype=RANKING
227,블로터,"[이재용 1심 판결]⑥ 합병으로 이재용 이익 극대화?...법원 ""삼성물산과 주주도 이익""",https://n.news.naver.com/article/293/0000055284?ntype=RANKING
228,매경이코노미,[속보] 세브란스병원 “오는 27일부터 무기한 휴진 결의”,https://n.news.naver.com/article/024/0000089603?ntype=RANKING
229,매경이코노미,[속보] 전북 부안서 올해 최대 규모 지진…규모 4.8,https://n.news.naver.com/article/024/0000089602?ntype=RANKING
230,매경이코노미,“내년 대폭락…엔비디아 주식 98% 떨어진다”美 해리 덴트 전망,https://n.news.naver.com/article/024/0000089590?ntype=RANKING
231,매경이코노미,이부진·홍라희 줄고 최태원·구광모는 늘어난 ‘이것’,https://n.news.naver.com/article/024/0000089588?ntype=RANKING
232,매경이코노미,“이정재가 경영권 편취하려 해”...분쟁 휘말린 스타워즈 배우,https://n.news.naver.com/article/024/0000089586?ntype=RANKING
233,노컷뉴스,"이재명, 檢 대북송금 기소에 ""검찰 창작수준 갈수록 떨어져""",https://n.news.naver.com/article/079/0003904445?ntype=RANKING
234,노컷뉴스,'버닝썬 루머'에 욕설·눈물…배우 고준희 거침없는 해명,https://n.news.naver.com/article/079/0003904447?ntype=RANKING
235,노컷뉴스,"아파트 외벽에 새겨진 '김대중'…""페인트 칠하다 웬 정치질?""",https://n.news.naver.com/article/079/0003904446?ntype=RANKING
236,노컷뉴스,"""'얼차려 중대장', 의료진에 사실 얘기했나""…시민단체, 철저 수사 촉구",https://n.news.naver.com/article/079/0003904421?ntype=RANKING
237,노컷뉴스,"[르포]""73년 평생 처음""…부안 '지진'에 석산도 와르르[영상]",https://n.news.naver.com/article/079/0003904433?ntype=RANKING
238,전자신문,"선풍기-서큘레이터, 어떤 차이가 있을까 [IT 잡학다식]",https://n.news.naver.com/article/030/0003213481?ntype=RANKING
239,전자신문,"檢, '쌍방울 대북송금 의혹' 이재명 기소… 尹정부 출범 이후 5번째",https://n.news.naver.com/article/030/0003213696?ntype=RANKING
240,전자신문,"“치사율 30%, 백신도 없다”…日서 퍼지는 '이 감염병'",https://n.news.naver.com/article/030/0003213603?ntype=RANKING
241,전자신문,"'에어컨 없는' 파리 올림픽… 한국 선수단, 아이스 재킷 입는다",https://n.news.naver.com/article/030/0003213592?ntype=RANKING
242,전자신문,"시속 50Km 무인승용 자율차 일반도로 달린다…국토부, 임시운행 허가",https://n.news.naver.com/article/030/0003213707?ntype=RANKING
243,농민신문,감기·식중독인 줄 알았는데…알고 보니 이 질환?,https://n.news.naver.com/article/662/0000045448?ntype=RANKING
244,농민신문,한송이 꺾었다고 너무하네…80대 ‘치매 할머니’ 검찰 송치,https://n.news.naver.com/article/662/0000045545?ntype=RANKING
245,농민신문,노년기 기억력 저하 막으려면 ‘이것’부터 치료해야,https://n.news.naver.com/article/662/0000045540?ntype=RANKING
246,농민신문,패션 아이템?…“가장 쉬운 자외선 차단 방법”,https://n.news.naver.com/article/662/0000045534?ntype=RANKING
247,농민신문,[현장] “폭탄 터진 줄…” 전북 부안 지진에 모두가 놀랐다,https://n.news.naver.com/article/662/0000045538?ntype=RANKING
248,여성신문,총 사업자 1천만명 시대 앞둬…여성사업자 400만명 넘어,https://n.news.naver.com/article/310/0000116867?ntype=RANKING
249,여성신문,‘여성폭력 사적제재’ 뒤 커져가는 사법 불신·돈벌이 욕심,https://n.news.naver.com/article/310/0000116865?ntype=RANKING
250,여성신문,"“박정희 때 만든 전원개발촉진법, 제2의 밀양 송전탑 사태 부를 것”",https://n.news.naver.com/article/310/0000116860?ntype=RANKING
251,여성신문,전북 부안에서 규모 4.8 지진...올해 가장 강력한 규모(종합),https://n.news.naver.com/article/310/0000116861?ntype=RANKING
252,여성신문,"한 달에 한 번 ‘그날’, 여성들의 능력치는 더 높아진다",https://n.news.naver.com/article/310/0000116853?ntype=RANKING
253,뉴시스,"'빅5' 세브란스병원 교수들 ""무기한 휴진 결정…27일부터""",https://n.news.naver.com/article/003/0012601648?ntype=RANKING
254,뉴시스,"""제발"" 호소에도…서울대 이어 세브란스도 '무기한 휴진'",https://n.news.naver.com/article/003/0012601841?ntype=RANKING
255,뉴시스,"물에 빠진 무속인 구하려다 숨진 남녀, 부검 결과 익사",https://n.news.naver.com/article/003/0012601714?ntype=RANKING
256,뉴시스,"'등산로 성폭행 살인' 최윤종, 오늘 2심 선고…檢 사형 구형",https://n.news.naver.com/article/003/0012600452?ntype=RANKING
257,뉴시스,"""그 쌍X의 XX들""…거침없는 발언에 눈물 쏟은 고준희",https://n.news.naver.com/article/003/0012601304?ntype=RANKING
258,프레시안,"채상병 엄마의 편지 ""'누군가의 지시' 밝혀주길…박정훈 단장 선처 부탁합니다""",https://n.news.naver.com/article/002/0002335870?ntype=RANKING
259,프레시안,'나락'으로 가는 '나락 콘텐츠'…피해자 밟고 가는 '유튜버 돈벌이',https://n.news.naver.com/article/002/0002335781?ntype=RANKING
260,프레시안,'성심당 방 빼!' 논란의 진짜 이유는? '돈벌이'로 내몰리는 공공 철도,https://n.news.naver.com/article/002/0002335755?ntype=RANKING
261,프레시안,"격노한 이재명 ""권력 줬더니 보복하고 개인 사유물로 여기나""",https://n.news.naver.com/article/002/0002335848?ntype=RANKING
262,프레시안,"""히포크라테스가 통곡한다""…서울대병원에 붙은 대자보",https://n.news.naver.com/article/002/0002335825?ntype=RANKING
263,디지털데일리,"[DD's톡] 주가 출렁이는 인성정보, 유상증자 발행가액 확정 ‘마의 일주일’",https://n.news.naver.com/article/138/0002175136?ntype=RANKING
264,디지털데일리,[카페24x기업 공식몰] 집에서 15분만 투자해도 피부관리숍 효과… ‘톰’ 품절 대란 비결은?,https://n.news.naver.com/article/138/0002175207?ntype=RANKING
265,디지털데일리,안전 또 안전…‘이중화’에 사활 건 카카오의 첫 데이터센터 가보니,https://n.news.naver.com/article/138/0002175209?ntype=RANKING
266,디지털데일리,"유튜버 '나락보관소' 이번주 심의 안 받는다…방심위 ""아직 검토 중""",https://n.news.naver.com/article/138/0002175141?ntype=RANKING
267,디지털데일리,'조용한 강세' 타는 낸드 …미소 짓는 삼성전자·SK하이닉스 [소부장반차장],https://n.news.naver.com/article/138/0002175162?ntype=RANKING
268,더팩트,"박은정 ""정치낭인 한동훈, 페북정치 점입가경""",https://n.news.naver.com/article/629/0000295281?ntype=RANKING
269,더팩트,"민주, '당대표 사퇴시한 예외' 당무위 의결…'이재명 맞춤형' 당헌 개정?",https://n.news.naver.com/article/629/0000295421?ntype=RANKING
270,더팩트,사업 재조정 큰 그림 나온다…SK그룹 '전략회의'에 쏠리는 관심,https://n.news.naver.com/article/629/0000295327?ntype=RANKING
271,더팩트,STO 제도화 '무산'···증권사들 '울상',https://n.news.naver.com/article/629/0000295372?ntype=RANKING
272,더팩트,"""檢수사·기소권 분리해야""…혁신당, 검찰개혁 입법 여론전 '속도'",https://n.news.naver.com/article/629/0000295371?ntype=RANKING
273,지디넷코리아,"코아시아, 삼성 파운드리 포럼서 'AI 반도체 패키징 솔루션' 소개",https://n.news.naver.com/article/092/0002334532?ntype=RANKING
274,지디넷코리아,"""사나운 사자의 심박 수도 ‘애플워치’로 잰다""",https://n.news.naver.com/article/092/0002334512?ntype=RANKING
275,지디넷코리아,"""한반도 규모 7.0 지진도 가능""…학계 우려 속 정부 지진 연구에 '140억' 투입",https://n.news.naver.com/article/092/0002334530?ntype=RANKING
276,지디넷코리아,홀연히 나타난 강형욱 고발단 331명...무슨 권리?,https://n.news.naver.com/article/092/0002334515?ntype=RANKING
277,지디넷코리아,웨이브 합병 앞둔 티빙 '갑질 논란',https://n.news.naver.com/article/092/0002334534?ntype=RANKING
278,경기일보,용인 반도체 산단 공청회 '시끌'... 주민들 “사업철회 때까지 투쟁”,https://n.news.naver.com/article/666/0000043882?ntype=RANKING
279,경기일보,'불구속기소' 이재명 “검찰 창작 수준 갈수록 떨어져”,https://n.news.naver.com/article/666/0000043946?ntype=RANKING
280,경기일보,도로에 차 세우더니…'미용 강아지' 유기 후 도망,https://n.news.naver.com/article/666/0000043938?ntype=RANKING
281,경기일보,남양주서 회원권 환불없이 폐업한 헬스장 대표 2명 입건,https://n.news.naver.com/article/666/0000043936?ntype=RANKING
282,경기일보,"""다음엔 너야""…아파트 엘리베이터에 살인 예고? 섬뜩한 흡연 경고",https://n.news.naver.com/article/666/0000043951?ntype=RANKING
283,대구MBC,경북 고령서 밭일하던 40대 여성 쓰러져···온열 질환 추정,https://n.news.naver.com/article/657/0000026805?ntype=RANKING
284,대구MBC,[심층] 현충일에 경북 청도군 운문댐에서 숨진 잠수부 2명···취수탑에서 무슨 일이?,https://n.news.naver.com/article/657/0000026806?ntype=RANKING
285,대구MBC,"TK 신공항 이름을 '박정희 국제공항'으로?···허복 경북도의원, 대구경북신공항 명칭 제안",https://n.news.naver.com/article/657/0000026821?ntype=RANKING
286,대구MBC,"[날씨체크] 습도는 낮지만 ""덥다 더워""···드디어 시작된 '불볕더위'",https://n.news.naver.com/article/657/0000026818?ntype=RANKING
287,대구MBC,"""선풍기 틀어놓다가···"" 대구 군위 거주용 컨테이너에 불",https://n.news.naver.com/article/657/0000026809?ntype=RANKING
288,헬스조선,"최양락, 성형중독 고백? '32바늘' 꿰맸다는데… 어떤 수술 받았길래",https://n.news.naver.com/article/346/0000075857?ntype=RANKING
289,헬스조선,"기운내려 마신 ‘이 음료’ 한 잔, 몰랐던 탈모 원인",https://n.news.naver.com/article/346/0000075829?ntype=RANKING
290,헬스조선,"아침에 일어나자마자 ‘이것’ 한 번 했을 뿐인데… 묵은 변 나오고, 혈액순환까지?",https://n.news.naver.com/article/346/0000075856?ntype=RANKING
291,헬스조선,잠 못 잔 이유가 저녁에 먹은 ‘이 영양제’ 때문?!,https://n.news.naver.com/article/346/0000075823?ntype=RANKING
292,헬스조선,"고준희, 매일 저녁 ‘이것’ 먹다가 3주 만에 10kg 쪄… 무슨 음식이었길래?",https://n.news.naver.com/article/346/0000075847?ntype=RANKING
293,강원도민일보,"검찰, 이재명 '쌍방울 대북송금' 제3자뇌물 등 혐의 기소",https://n.news.naver.com/article/654/0000077581?ntype=RANKING
294,강원도민일보,"이재명 ""여당, 권력줬더니 보복하고 불필요한 생떼나 써""",https://n.news.naver.com/article/654/0000077579?ntype=RANKING
295,강원도민일보,"""'얼차려 사망 훈련병' 사인, 패혈성 쇼크 따른 다발성장기부전""",https://n.news.naver.com/article/654/0000077583?ntype=RANKING
296,강원도민일보,"김진태, 김동연 경기도지사 직격… ""애가 맞았으면 때린 애를 혼내야지""",https://n.news.naver.com/article/654/0000077574?ntype=RANKING
297,강원도민일보,"[속보] 전북 부안 또 지진, 규모 3.1…기상청 ""오전 규모 4.8 이후 15차례 여진 발생""",https://n.news.naver.com/article/654/0000077586?ntype=RANKING
298,오마이뉴스,"'4번째 기소' 이재명 ""이럴 힘 있으면 민생이나 챙겨라""",https://n.news.naver.com/article/047/0002436454?ntype=RANKING
299,오마이뉴스,딸 장학금에 민정수석 유죄... 부인 명품백에 대통령은?,https://n.news.naver.com/article/047/0002436437?ntype=RANKING
300,오마이뉴스,"'생떼' 말하다 분노한 이재명 ""권력 줬더니 보복이나 하고""",https://n.news.naver.com/article/047/0002436414?ntype=RANKING
301,오마이뉴스,"'얼차려 사망' 훈련병, 의무기록 부존재... 사건 축소 의혹",https://n.news.naver.com/article/047/0002436453?ntype=RANKING
302,오마이뉴스,"채 상병 어머니 ""사건 진상 밝히고, 박정훈 대령 명예 회복해주길""",https://n.news.naver.com/article/047/0002436404?ntype=RANKING
303,동아사이언스,파킨슨병 '줄기세포 치료' 성공률 높인다…이식세포 사멸 원인 첫 규명,https://n.news.naver.com/article/584/0000027478?ntype=RANKING
304,동아사이언스,"아산·성모병원도 휴진 논의…의협 회장 ""교도소 무릅쓸 중요한 환자 없어"" 발언 논란",https://n.news.naver.com/article/584/0000027468?ntype=RANKING
305,동아사이언스,"단층 미확인 전북 내륙서 최강 지진…""언제·어디든 판 내 지진 가능성""",https://n.news.naver.com/article/584/0000027479?ntype=RANKING
306,동아사이언스,"세브란스병원 교수들, 휴진 결의…무기한 휴진 빅5 전체로 번지나",https://n.news.naver.com/article/584/0000027484?ntype=RANKING
307,동아사이언스,"우주 다녀온 우주비행사, DNA 손상·스트레스반응 활성화됐다",https://n.news.naver.com/article/584/0000027473?ntype=RANKING
308,코리아헤럴드,"4.8 magnitude earthquake strikes Buan, strongest of the year",https://n.news.naver.com/article/044/0000258206?ntype=RANKING
309,코리아헤럴드,Dispute between Hybe and Ador CEO grows with lawsuit and rebuttal video,https://n.news.naver.com/article/044/0000258194?ntype=RANKING
310,코리아헤럴드,[Graphic News] 1 in 10 Seoul households have dogs: report,https://n.news.naver.com/article/044/0000258203?ntype=RANKING
311,코리아헤럴드,[From the Scene] Kakao’s first data center unveiled,https://n.news.naver.com/article/044/0000258207?ntype=RANKING
312,코리아헤럴드,First lady returns to diplomatic spotlight amid mounting domestic pressure,https://n.news.naver.com/article/044/0000258208?ntype=RANKING
313,한경비즈니스,"'AI 수혜주' 한미반도체 시총, LG전자 제쳤다",https://n.news.naver.com/article/050/0000076206?ntype=RANKING
314,한경비즈니스,"한전KPS, 공기업 경영평가 1위…석탄공사·한전 '최하위'",https://n.news.naver.com/article/050/0000076178?ntype=RANKING
315,한경비즈니스,"""우리는 도저히 못 먹겠어요"" 맵찔이 덴마크 핵불닭볶음면 '리콜'",https://n.news.naver.com/article/050/0000076207?ntype=RANKING
316,한경비즈니스,"두산이 4년전 매각한 '모트롤', 두산밥캣이 재인수 한다",https://n.news.naver.com/article/050/0000076204?ntype=RANKING
317,한경비즈니스,"“신라면 파는 미국 마트, 이젠 문화 현상”",https://n.news.naver.com/article/050/0000076195?ntype=RANKING
318,머니S,"[단독] ""상주 식당 여주인 살해 피의자는 30대 아들""",https://n.news.naver.com/article/417/0001007810?ntype=RANKING
319,머니S,"""푸바오 보려고 항저우서 왔어요""… 누워서 대나무 먹방에 '흐뭇'",https://n.news.naver.com/article/417/0001007783?ntype=RANKING
320,머니S,"[속보] '등산로 성폭행 살인' 최윤종 2심도 무기징역…法 ""죄책 무거워""",https://n.news.naver.com/article/417/0001007802?ntype=RANKING
321,머니S,"[이사람] ""역시 서울의대""… 교수 휴진 막아선 김영태 병원장",https://n.news.naver.com/article/417/0001007658?ntype=RANKING
322,머니S,"""밀양경찰서=민중의 곰팡이""… '밀양주의보'에 시민들 몸살",https://n.news.naver.com/article/417/0001007790?ntype=RANKING
323,데일리안,"밀양 폭로 유튜버, 기어이 사람 하나 잡았다",https://n.news.naver.com/article/119/0002838762?ntype=RANKING
324,데일리안,"""닥치는대로 뜯어 죽였다"" 피범벅 만들고 다닌 그 무리",https://n.news.naver.com/article/119/0002838999?ntype=RANKING
325,데일리안,"안철수 ""1가구 1주택자 종부세 면제 위해 보유세 높이고 취득·양도세 낮춰야""",https://n.news.naver.com/article/119/0002839028?ntype=RANKING
326,데일리안,"영탁, 대법서도 이겼다…'영탁막걸리' 상표권 분쟁 최종 승소",https://n.news.naver.com/article/119/0002838964?ntype=RANKING
327,데일리안,"국민의힘, 이재명 '대북송금' 기소에 ""쫄리면 지는 것""",https://n.news.naver.com/article/119/0002839017?ntype=RANKING
328,대전일보,"""반가워 푸바오""… 중국 돌아간 지 70일만에 대중 앞으로",https://n.news.naver.com/article/656/0000093567?ntype=RANKING
329,대전일보,"유승민 ""임성근 전 사단장, 해병의 수치…尹 저런 자 왜 감싸나""",https://n.news.naver.com/article/656/0000093569?ntype=RANKING
330,대전일보,"""알라바이, 진돗개 닮았다""…투르크 국견 선물받은 김건희 여사",https://n.news.naver.com/article/656/0000093594?ntype=RANKING
331,대전일보,"전 육군훈련소장 ""훈련병 사망 어처구니없는 사고…기본법 전혀 안지켜""",https://n.news.naver.com/article/656/0000093541?ntype=RANKING
332,대전일보,"이재명, '대북 송금' 기소에 ""검찰 창작 수준, 갈수록 떨어져""",https://n.news.naver.com/article/656/0000093610?ntype=RANKING
333,주간경향,어미 따라 졸졸졸…즐거운 나들이[렌즈로 본 세상],https://n.news.naver.com/article/033/0000047291?ntype=RANKING
334,주간경향,“죄송하다” 전제하에 주장하는 장애인 이동권[꼬다리],https://n.news.naver.com/article/033/0000047298?ntype=RANKING
335,주간경향,"‘8석’, 설마의 정치[취재 후]",https://n.news.naver.com/article/033/0000047299?ntype=RANKING
336,주간경향,노력이 성공을 보장하진 않는다[박희숙의 명화 속 비밀 찾기](10),https://n.news.naver.com/article/033/0000047294?ntype=RANKING
337,주간경향,김용균씨와 채 상병[편집실에서],https://n.news.naver.com/article/033/0000047292?ntype=RANKING
338,코리아중앙데일리,Hyundai Transys seals $2.2 billion EV parts deal with Saudi Arabia's CEER,https://n.news.naver.com/article/640/0000055000?ntype=RANKING
339,코리아중앙데일리,다가오는 AI 시대… 엔비디아 잘 나가는데 삼성은 뒤쳐지는 이유는,https://n.news.naver.com/article/640/0000054996?ntype=RANKING
340,코리아중앙데일리,"윤 대통령, 동해에 140억배럴 석유·가스 매장 가능성 발표",https://n.news.naver.com/article/640/0000054941?ntype=RANKING
341,코리아중앙데일리,4.8-magnitude earthquake near Buan marks Korea's biggest quake of the year,https://n.news.naver.com/article/640/0000054988?ntype=RANKING
342,코리아중앙데일리,Fu Bao makes public debut in China as panda center denies abuse allegations,https://n.news.naver.com/article/640/0000055003?ntype=RANKING
343,CJB청주방송,"단수, 흙탕물 수돗물 언제까지? 청주시 대책 주목",https://n.news.naver.com/article/655/0000018991?ntype=RANKING
344,CJB청주방송,세브란스병원 “무기한 휴진 결정.. 27일부터”,https://n.news.naver.com/article/655/0000019006?ntype=RANKING
345,CJB청주방송,"""여기를 파, 수도관 저 쪽으로 갔네"".. 청주의 상수도 '달인' [일상이 뉴스다!]",https://n.news.naver.com/article/655/0000018999?ntype=RANKING
346,CJB청주방송,"[속보] 기상청 ""전북 부안서 규모 3.1 지진 추가 발생""",https://n.news.naver.com/article/655/0000019004?ntype=RANKING
347,CJB청주방송,"[속보]권익위 ""윤, '김 여사 선물' 신고의무 없다…직무관련성 여부는 무관""",https://n.news.naver.com/article/655/0000019009?ntype=RANKING
348,국제신문,진주역 주변 정전 범인은 뱀,https://n.news.naver.com/article/658/0000075846?ntype=RANKING
349,국제신문,"오거돈 전 부산시장, 이달 26일 부산구치소 만기출소",https://n.news.naver.com/article/658/0000075872?ntype=RANKING
350,국제신문,"[속보]檢, ‘쌍방울 대북송금’ 이재명 추가기소…제3자뇌물 혐의",https://n.news.naver.com/article/658/0000075850?ntype=RANKING
351,국제신문,신종 학폭 ‘맞짱놀이’에 멍드는 동심…학교 현장 폭력행위 고개든다,https://n.news.naver.com/article/658/0000075869?ntype=RANKING
352,국제신문,"50년 된 부산 초량전통시장, 경사로 붕괴에 1명 부상",https://n.news.naver.com/article/658/0000075842?ntype=RANKING
353,한겨레21,"보고 읽을 것이 넘쳐나는 세상, 어떻게 읽을까",https://n.news.naver.com/article/036/0000049968?ntype=RANKING
354,한겨레21,“나의 사망신고는 광복 뒤에 하라”,https://n.news.naver.com/article/036/0000049967?ntype=RANKING
355,한겨레21,애쓰지 않아도 잘 먹고 잘 사는 마을,https://n.news.naver.com/article/036/0000049964?ntype=RANKING
356,한겨레21,하얗게 말라죽어 뼈대만…가문비나무 ‘마지막 증언’ 들어보실래요?,https://n.news.naver.com/article/036/0000049961?ntype=RANKING
357,한겨레21,"지지 정당 없는 당신, 중도층인가요?",https://n.news.naver.com/article/036/0000049966?ntype=RANKING
358,조세일보,"안철수 ""무조건적 1주택자 종부세 면제, 조세 형평 어긋나…과세기준 현실화""",https://n.news.naver.com/article/123/0002335927?ntype=RANKING
359,조세일보,"고민정, 배현진 직격 ""경거망동·말꼬리 잡는 정치 그만""",https://n.news.naver.com/article/123/0002335894?ntype=RANKING
360,조세일보,임성근 “군인은 국가 필요에 군말없이 죽도록”.. 유승민 “망발”,https://n.news.naver.com/article/123/0002335922?ntype=RANKING
361,조세일보,"천하람 ""군인 죽도록 훈련? 미친 소리…채상병 특검 착수가 가장 중요""",https://n.news.naver.com/article/123/0002335947?ntype=RANKING
362,조세일보,"안철수, 한동훈 겨냥 “민생·비전 말씀하셔야지 야당 비판만...”",https://n.news.naver.com/article/123/0002335884?ntype=RANKING
363,이코노미스트,‘더현대’ 日 도쿄서도 통했다…한 달 만에 매출 13억 돌파,https://n.news.naver.com/article/243/0000060581?ntype=RANKING
364,이코노미스트,"한국, 중국 1-0 제압…이강인·손흥민 함께 웃었다",https://n.news.naver.com/article/243/0000060574?ntype=RANKING
365,이코노미스트,"이창용 한국은행 총재, 직원들에 “똑똑한 이단아 돼 달라”",https://n.news.naver.com/article/243/0000060586?ntype=RANKING
366,이코노미스트,"뉴진스 하니 효과?…어그, 샌들 인기에 Z세대 매출 5배 껑충",https://n.news.naver.com/article/243/0000060579?ntype=RANKING
367,이코노미스트,"SK증권, SK와 완전한 이별 못하는 이유",https://n.news.naver.com/article/243/0000060597?ntype=RANKING
368,신동아,"한화, 김승연 꿈 ‘한국형 록히드마틴’ 마지막 발걸음 뗐다",https://n.news.naver.com/article/262/0000017515?ntype=RANKING
369,신동아,[영상] 세상을 울리는 소리박물관 ‘오디움’,https://n.news.naver.com/article/262/0000017519?ntype=RANKING
370,신동아,[22대 국회 주목 초선 22人] 기자 출신 민주당 대변인 한민수 서울 강북을 의원,https://n.news.naver.com/article/262/0000017517?ntype=RANKING
371,신동아,對北전단 ‘한라산줄기’ 가계도가 김정은 권위 추락시켜,https://n.news.naver.com/article/262/0000017516?ntype=RANKING
372,신동아,"한화생명금융서비스, 업계 자회사형 GA 평가 뒤집다",https://n.news.naver.com/article/262/0000017518?ntype=RANKING
373,주간동아,인공 발효 NO! 요즘 대세는 자연발효,https://n.news.naver.com/article/037/0000034594?ntype=RANKING
374,주간동아,중남미 ‘죽음의 정글’ 거쳐 미국 밀입국하는 중국인 급증,https://n.news.naver.com/article/037/0000034595?ntype=RANKING
375,주간동아,"새 바지가 5500원, 고물가에 ‘기증품 판매점’ 뜬다",https://n.news.naver.com/article/037/0000034596?ntype=RANKING
376,주간동아,“계층 사다리 치우는 민주당 의도 뭔가” 금투세 폐지 청원 5만 동의 재돌파,https://n.news.naver.com/article/037/0000034593?ntype=RANKING
377,주간동아,[영상] 김정환 대표 “구리 수요 10년간 2배 증가 예상… 최근 하락은 단기 조정”,https://n.news.naver.com/article/037/0000034592?ntype=RANKING
378,기자협회보,"미디어 플랫폼 '얼룩소' 유료화·보상 중단… ""공론장 실험 계속""",https://n.news.naver.com/article/127/0000035856?ntype=RANKING
379,기자협회보,부르릉 부와앙~ 모터바이크로 맺은 한·일 여성기자의 우정,https://n.news.naver.com/article/127/0000035852?ntype=RANKING
380,기자협회보,"감사 요청없이 이뤄진 KBS 감사실 인사... 법원 ""중대 하자""",https://n.news.naver.com/article/127/0000035862?ntype=RANKING
381,기자협회보,지상파 메인뉴스 시청률 초박빙… MBC 약진,https://n.news.naver.com/article/127/0000035857?ntype=RANKING
382,기자협회보,'올드 스쿨'은 낡았다?,https://n.news.naver.com/article/127/0000035855?ntype=RANKING
383,주간조선,전쟁난줄.... 올해 최대규모 지진에 CCTV도 흔들,https://n.news.naver.com/article/053/0000044102?ntype=RANKING
384,주간조선,"고민정 ""더 이상의 경거망동 말아라""...배현진 저격",https://n.news.naver.com/article/053/0000044106?ntype=RANKING
385,주간조선,"박세리 스폰서 계약금 다 받았다는 父, 어쩌다 송사 휘말렸나",https://n.news.naver.com/article/053/0000044101?ntype=RANKING
386,주간조선,"檢, 이재명 대북송금 혐의 기소.... 7개 사건·11개 혐의로 재판",https://n.news.naver.com/article/053/0000044103?ntype=RANKING
387,주간조선,"""잘했어요, 남자 추미애""...우원식 욕하더니 변한 개딸들",https://n.news.naver.com/article/053/0000044098?ntype=RANKING
388,JIBS,"""독침 닿으면 알레르기에 염증"".. 국민배우도 당한 해충, 뭐길래?",https://n.news.naver.com/article/661/0000041267?ntype=RANKING
389,JIBS,불난 줄 알았는데 아니었다?.. 알고 보니 '차량 매연',https://n.news.naver.com/article/661/0000041276?ntype=RANKING
390,JIBS,"“또 영끌에 대출?” 집 사는데 끌어쓰다 보니, 빚만 늘어.. 지난달에만 6조 원 ‘폭증’, 가계빚 1,000조 ‘훌쩍’",https://n.news.naver.com/article/661/0000041273?ntype=RANKING
391,JIBS,5600억이 사라졌다.. 제주 인구당 교통사고 비용 '전국 최고 수준',https://n.news.naver.com/article/661/0000041274?ntype=RANKING
392,JIBS,3시간 만에 불길 잡힌 서귀포 의류 매장.. 동일 신고만 50여  건,https://n.news.naver.com/article/661/0000041263?ntype=RANKING
393,월간 산,[창간 55주년] 지금은 출입 통제된 지리산의 숨은 두 능선,https://n.news.naver.com/article/094/0000011837?ntype=RANKING
394,월간 산,"[척척박산] 산의 계단, 경사로보다 무릎 충격 적다",https://n.news.naver.com/article/094/0000011833?ntype=RANKING
395,월간 산,"[창간 55주년] ""나 때는 말이야"" 그 시절 설악산 코스, 장비, 산행기",https://n.news.naver.com/article/094/0000011834?ntype=RANKING
396,월간 산,[동행 르포 설악산 헬기] 대청봉을 5분 만에 오르는…'하늘의 레인저',https://n.news.naver.com/article/094/0000011835?ntype=RANKING
397,월간 산,월악산 산행 중 땅벌에 난사 당해…20분 만에 살충제 든 레인저 출동,https://n.news.naver.com/article/094/0000011838?ntype=RANKING
398,더스쿠프,경영진이 총수 아닌 주주에게 충실하면 일어날 일 [마켓톡톡],https://n.news.naver.com/article/665/0000003143?ntype=RANKING
399,더스쿠프,"모든 '전기차의 길', 폭스콘으로 통할까 [분석+]",https://n.news.naver.com/article/665/0000003146?ntype=RANKING
400,더스쿠프,"김밥, 치킨, 냉면… 외식품목 39개 모조리 올랐다 [아카이브]",https://n.news.naver.com/article/665/0000003148?ntype=RANKING
401,더스쿠프,특별했던 브랜드 스타벅스의 '특별하지 않은' 변신 [컴퍼니+],https://n.news.naver.com/article/665/0000003145?ntype=RANKING
402,더스쿠프,"""적발된 곳 정말 없어?"" 택배 노동자 과로방지 대책 3년 후",https://n.news.naver.com/article/665/0000003141?ntype=RANKING
403,레이디경향,‘네가 왜 거기서 나와’ 지하철·광화문 광장서 만나는 고흐,https://n.news.naver.com/article/145/0000020851?ntype=RANKING
404,레이디경향,"‘밤 양갱’ 가고, ‘두바이 초콜릿’ 떴네",https://n.news.naver.com/article/145/0000020853?ntype=RANKING
405,레이디경향,관 키링·염주 스트랩·부적 방향제…<파묘> 굿즈 ‘힙하네’,https://n.news.naver.com/article/145/0000020852?ntype=RANKING
406,레이디경향,"맛있는 취향을 선물하는 기쁨, 방울토마토 피클[펀펀(funfun)한 요리]",https://n.news.naver.com/article/145/0000020854?ntype=RANKING
407,레이디경향,"청순함에 세련미까지 더한, 송혜교의 공항 패션",https://n.news.naver.com/article/145/0000020849?ntype=RANKING
