date,title,link,content
2024-07-03 12:30:00,빚 못갚는 소상공인 5조 전환보증…배달·임대·전기료 부담도 확 낮춘다,https://n.news.naver.com/mnews/article/003/0012644584?sid=101,"[
정책자금 상환연장 등 금융지원 3종 세트 추진5대 고정비용 지원…경영부담↓매출 기반 확충 규제합리화 방안 추진 및 사회안전망 가입독려""소상공인 지원 실효성 의문…장기적 대책 필요""



[서울=뉴시스] 추상철 기자 = 3일 오후 서울의 한 전통시장에서 상인이 손님을 기다리고 있다. 2024.06.03. scchoo@newsis.com[세종=뉴시스]김동현 용윤신 임하은 기자 = 정부가 올해 하반기부터 소상공인의 경영 애로를 해소하기 위해 금융지원과 배달료·임대료·전기료 등 5대 고정비용에 대한 부담을 낮추는 방안을 본격화한다. 이번 대책은 코로나19 사태 이후 고금리 장기화로 채무가 누적되고 준비 부족으로 창업과 폐업을 반복하며 고통을 받고 있는 소상공인의 경영부담을 완화하는데 초점을 맞췄다. 정부는 3일 정부서울청사에서 최상목 경제부총리 겸 기획재정부 장관 주재로 관계부처 합동브리핑을 열고 이 같은 내용의 '역동경제 로드맵 및 하반기 경제정책방향'을 발표했다.소상공인 경영부담 완화 대책은 ▲금융지원 3종세트 ▲5대 고정비용 부담완화 ▲매출 지원 ▲사회안정망 강화 등 크게 4가지 분야로 추진된다.



[서울=뉴시스] 3일 정부가 발표한 '2024년 하반기 경제정책방향'에 따르면 정부가 폐업하는 소상공인에게 채무조정과 재취업을 원한다. 새출발기금을 40조원 이상으로 확대하고, 점포철거비 지원금을 최대 400만원으로 상향한다. (그래픽=전진우 기자) 618tue@newsis.com정책자금 상환연장 등 금융지원 3종 세트 추진금융지원은 정책자금 분할상환 지원대상 확대 및 최대 5년까지 기간연장, 5조원 규모의 전환보증을 신설해 보증부 대출 만기 연장, 저금리 대환대출 지원대상 확대 등으로 마련했다. 정책자금 상환연장은 지원 대상을 사업경력 3년 이상, 대출 잔액 3000만원 이상에서 업력과 대출잔액 기준을 폐지하고 연장시 적용하는 금리를 기존 이용금리 +0.2% 포인트(p)로 적용, 기간은 최대 5년까지 확대하기로 했다. 정부는 지역신보 보증부 대출을 이용하는 소상공인이 대출 상환을 최대 5년까지 연장하기 위해  5조원 규모의 전환보증제도도 신설한다. 소상공인은 중도상환수수료를 면제 받을 수 있고 저신용자는 산출보증료율에서 0.2%p를 인하받는다. 또 은행·비은행권의 7% 이상 고금리 대출을 저금리 대출로 대환하는 프로그램 참여 요건을 완화해 4.5% 고정금리, 5000만원 한도를 10년 분할 상환하도록 한다는 구상이다. 이외에도 외식업계 농산물 구매자금 융자금 인하, 저신용 소상공인 정책자금 지원 대상 기준 상향 등을 통해 추가적인 정책 자금을 공급한다는 계획이다. 정부 관계자는 ""소상공인 금융지원 3종 세트는 '채무걱정 덜어드림' 3종 세트라고 명명을 했다""며 ""정책자금 상환연장, 전환보증, 대환대출이라는 세 가지 툴을 바탕으로 해서 소상공인이 갖고 있는 대출의 만기를 연장하고 분할 상환할 수 있는 제도를 대폭 넣었다""고 설명했다.



[서울=뉴시스] 추상철 기자 = 3일 오후 서울의 한 전통시장에서 상인이 물건을 판매하고 있다. 2024.06.03. scchoo@newsis.com5대 고정비용 지원…경영부담↓매출 기반 확충 배달료·임대료·전기료·인건비·관리비 등 5대 고정비용에 대한 지원책도 내놨다. 먼저 공정거래위원회, 농축수산식품부, 중소기업벤처부 등 정부부처와 배달앱 사업자 외식업계 이해관계자 등이 참여해 경제적 부담 완화를 위한 논의를 실시하고 분야별 상생방안을 마련한다.또 플랫폼 자율 규제 기구 내 총괄위원회 역할을 강화해 이해관계자의 수요를 반영한 아젠다 설정 및 신속한 문제해결을 추진하고 최근 부담이 커지고 있는 사업주 부담 배달료는 영세 소상공인에 한해 배달료를 신규로 지원한다. 임대료는 소상공인에게 임차료를 인하한 임대인에 대한 세제지원과 국유재산 사용료 감면 지원기간을 내년말까지 연장하고 지자체와 협업해 공유재산 사용료 감면도 지속 추진한다는 방침이다. 영세 소상공인의 전기료 부담 경감을 위해 전기료 지원 대상도 확대한다. 정부는 현행 연매출 3000만원 이하의 매출로 설정된 기준을 6000만원 이하로 늘려 최대 50만명의 소상공인에게 전기료 지원 혜택을 준다는 계획이다. 인건비 절감을 위해선 키오스크, 서빙로봇 등 자동화 스마트 기술보급 지원을 확대하고 음식점업 주방보조원 E-9 비자 시범사업 평가를 토대로 지역·업력 요건 등 외국인 고용허가 범위를 확대하는 것을 검토키로 했다. 아울러 관리비 부과의 투명성을 확보하기 위해 개정된 상가임대차 표준계약서를 적극 활용하도록 유도하고 운영과정에서 개선 필요사항을 적극 검토할 예정이다. 분쟁 발생시 임대차 분쟁조정위원회는 소상공인의 분쟁 해결을 돕는다. 정부 관계자는 ""인건비 지원을 위해서는 키오스크 등 스마트 기술 보급 지원을 위한 재정 지원을 확대할 예정""이라며 ""음식점업에 대해선 현재 한식업, 업력 5~7년, 주방보조원에 한정해 허용되는 E-9 비자를 추가적으로 범위를 확대하는 내용을 검토할 것""이라고 전했다.



[서울=뉴시스] 추상철 기자 = 20일 오후 서울 시내 상가에 임대문의 게시물이 부착돼 있다. 소상공인의 폐업으로 인한 '노란우산 공제금' 지급액이 크게 늘고 있는 것으로 나타났다. 2024.05.20. scchoo@newsis.com규제합리화 방안 추진 및 사회안전망 가입독려소상공인의 영업환경 개선을 위한 규제 합리화 방안도 도입한다. 소상공인의 금융접근성 개선을 위해선 기존에 사업주의 신용 또는 담보 중심으로 평가하던 신용평가체제를 매출액 등 사업장 정보 중심으로 개편해 개인사업자의 자금 조달을 원활하게 돕는다는 구상이다.또 개인사업자에 대한 신용평가를 고도화하기 위해 다양한 공공정보를 제공하기로 했다. 현재 국세청의 소득세 표본자료에는 근로소득세 15개 항목, 종합소득세 관련 정보 18개 항목을 제공하는데 이를 확대한다는 계획이다.  이외에도 ▲소매상인의 비축물가 판매 허용 ▲소상공인 대상 도로점용료 25% 감면 ▲무료 법률지원 서비스 대상 확대 ▲간이과세자 매출 기준 확대 및 수수료 감면 등을 통해 영업환경을 개선해 나간다는 방침이다. 두터운 생계안전망 구축을 위해선 노란우산공제, 고용보험 등 사회안전망 가입을 독려한다. 노란우산공제 납입부금에 대해 소득공제 한도를 연간 600만원으로 상향 조정하고 고용보험료 지원신청 절차를 간소화해 가입률을 높인다.



[서울=뉴시스] 김근수 기자 = 1일 오후 서울 중구 명동 시내의 한 가게 앞에 임대 안내문이 붙어 있다. 2024.07.01. ks@newsis.com전문가들 ""소상공인 지원 실효성 의문…장기적 대책 필요"" 전문가들은 정부가 내놓은 소상공인 지원 대책에 대해 어려움을 겪고 있는 소상공인에게 일시적인 도움을 줄 수 있지만 실효성에 대해 의문을 표하며 장기적인 대책을 만들어야 한다고 조언했다.김광석 한국경제산업연구원 연구실장은 ""재정을 투입하지 않고 배달료가 인하될 수 있을 지 의문""이라며 ""배달플랫폼 기업드에게 배달비 감소를 요구한다면 다른 부분에서 비용감소분을 채우려고 노력할 가능성이 높다""고 말했다. 이정희 중앙대 경제학과 교수는 ""정부가 내놓은 소상공인 대책은 당장 어렵다고 하니까 도움을 줄 수 있는 일시적인 방안""이라며 ""배달료를 정부가 계속 책임질 수 없는 만큼 생계형과 사업형으로 나눈 소상공인 대책을 제시해야 한다""고 조언했다. 석병훈 이화여대 경제학과 교수는 ""소상공인의 성장을 촉진하기 위한 지원책은 바람직하지만 소상공인들의 채무를 조정해주는 지원책은 바람직하지 않다""며 ""경쟁력 있는 소상공인은 소기업으로 만들고 경쟁력이 없으면 재취업할 수 있는 방안을 지원하는 정책을 펼쳐야 한다""고 주장했다.



[세종=뉴시스] 강종민 기자 = 김병환 기획재정부 1차관이 지난 1일 세종시 정부세종청사에서 열린 하반기 경제정책 방향 및 역동경제 로드맵 브리핑에서 발언하고 있다. 2024.07.03. ppkjm@newsis.com
]"
2024-07-03 12:39:24,"한총리 ""정부 물려받을 때 경제보고 나라 망할 수 있겠다 생각""",https://n.news.naver.com/mnews/article/001/0014784922?sid=100,"[
""방만한 운용으로 거의 파산 수준에 달해""…文정부 재정정책 비판""이제 경제 걱정 덜 해도 될 상황…금리 내려갈 방향밖에 없다""



'하반기 경제정책방향 및 역동경제 로드맵 발표' 참석한 최상목 경제부총리(서울=연합뉴스) 홍해인 기자 = 최상목 경제부총리 겸 기획재정부 장관이 3일 서울 종로구 청와대 영빈관에서 열린 '하반기 경제정책방향 및 역동경제 로드맵 발표' 행사에 참석, 한덕수 국무총리와 인사하고 있다. 2024.7.3 hihong@yna.co.kr(서울=연합뉴스) 곽민서 기자 = 한덕수 국무총리는 3일 우리 경제 상황을 긍정적으로 평가하며 향후 금리 인하 가능성을 언급했다.    한 총리는 이날 윤석열 대통령이 주재한 '하반기 경제정책 방향 및 역동 경제 로드맵 발표' 회의에서 ""이제 국제적으로, 또 국내적으로 우리가 경제 운영에 대해서는 조금 걱정을 덜 해도 될 상황이 됐다""고 말했다.    한 총리는 ""우리 경제를 평가하는 기준이 되는 모든 부분이 이제는 다 정상화가 됐고, 앞으로는 희망이 보인다는 것""이라며 ""지금 성장률은 2.6%로 미국 다음 정도로 가고 있고, 고용은 이제까지 역사 중 가장 높은 수준을 보이고 있다""고 짚었다.    한 총리는 특히 ""금리는 아직도 높지만, 희망적으로 보면 이제 금리는 내려갈 방향밖에 없다고 생각한다""며 ""올해 하반기가 되면 전 세계에 조금 내리는 움직임이 나타나기 시작할 것""이라고 밝혔다.    한 총리는 과거 고금리와 무역수지 적자, 재정수지 악화 등을 언급하며 ""정부 출범 당시 우리가 물려받은 경제를 봤을 때 저는 우리나라가 망할 수도 있겠구나, 그런 생각을 절실하게 했다""고 말했다.    그는 ""우리가 물려받은 경제는 재정을 방만하게 운영해서 적자는 전 세계가 경고하는 수준이었고, 금리는 거의 10배, 3배씩 올랐으니 정상적으로 생각하면 경제가 운영될 수가 없는 그런 상황이었다""고 했다.    또 ""그 전 정부가 국내총생산(GDP)에 대한 국가 부채비율을 대폭 늘려놓았다""며 ""그때 추세대로 가면 우리 정부가 끝나는 2027년엔 부채비율이 70%에 달하는 수준으로, 거의 뱅크럽시(파산) 수준에 달했다""고 지적했다.    이어 ""대통령의 강력한 리더십이 상황을 그래도 정상화한 것""이라며 ""(대통령이) 얼마나 욕을 많이 먹으셨나. 얼마나 힘든 일을 많이 했나. 그러면서도 그 일을 하셨다""고 강조했다.    아울러 ""기업들이 어려운 와중에도 버티고 세계 시장에 나가 연구개발(R&amp;D)을 계속하면서 이제는 우리 경제가 절대로 망하지는 않는다는 확신을 갖게 됐다""고 밝혔다.    그러면서 ""이제는 우리 최고의 리더를 중심으로 뭉쳐서 해나가는 일만 남았다는 말씀을 드리고 싶다""고 덧붙였다.    mskwak@yna.co.kr
]"
2024-07-03 10:28:42,"윤 대통령, 경제정책회의…""소상공인 충분히 지원, 현금 살포는 미봉책""",https://n.news.naver.com/mnews/article/055/0001168673?sid=100,"[




▲ '하반기 경제정책방향 및 역동경제 로드맵 발표'에서 발언하는 윤석열 대통령

윤석열 대통령은 오늘(3일) 청와대 영빈관에서 '하반기 경제정책 방향 및 역동 경제 로드맵 발표' 회의를 주재했습니다.

윤 대통령이 경제정책 방향을 논의하는 회의를 주재한 것은 취임 이후 이번이 다섯 번째입니다.

'역동 경제로 서민·중산층 시대 구현'이라는 주제로 열린 회의에서는 하반기 경제정책 방향, 소상공인·자영업자 종합대책과 더불어 성장잠재력 저하·부문 간 격차 확대 등 우리 경제의 구조적 문제 해결을 위한 '역동 경제 로드맵'이 함께 논의됐습니다.

윤 대통령은 모두 발언에서 올해 1분기 경제성장률이 시장 예상을 상회했고, 수출이 9개월 연속 흑자를 기록했으며, 물가도 3개월 연속 2%를 이어가며 안정세를 굳힌 점을 평가했습니다.

또 외국인 투자가 2022년 하반기 이후 순매수로 전환해 올해 상반기까지 약 42조 원 순매수를 보이고 있음을 언급하면서 ""우리 경제에 대한 국제사회의 평가도 개선되고 있다""고 말했습니다.

다만, 양호한 지표와 국제사회의 평가가 민생 활력으로 이어지지 않고 있음을 지적하면서, 경제회복의 온기가 민생현장에 전달되는 시차를 줄이고 민생의 구조적 문제도 해결할 것을 지시했습니다.

특히, 코로나19의 영향을 크게 받은 소상공인이 아직도 어려움을 겪는다는 점을 거론하면서 ""코로나19 시기 소상공인의 영업은 제한하면서도 무분별하고 과도하게 대출을 지원한 것이 지금 소상공인 어려움의 근본적 원인""이라고 지적했습니다.

그러면서 ""도움이 절실한 소상공인을 충분하게 지원하는 한편, 현금 살포와 같은 미봉책이 아니라 구조적이고 항구적인 대책을 함께 추진해야 한다""고 강조했습니다.

윤 대통령의 모두 발언에 이어 최상목 부총리 겸 기획재정부 장관이 하반기 경제정책 방향, 역동 경제 로드맵, 소상공인·자영업자 종합대책을 발표했으며, 헤어 디자이너, 양식당 운영자 등 소상공인이 토론자로 참석해 민생 현장의 어려움을 전했습니다.

회의에는 정부에서 한덕수 국무총리, 방기선 국무조정실장, 한기정 공정거래위원장, 김주현 금융위원장, 성태윤 대통령실 정책실장, 김주현 민정수석, 박춘섭 경제수석, 장상윤 사회수석, 박상욱 과학기술수석 등이 참석했고, 국민의힘에서 황우여 비상대책위원장, 정점식 정책위의장 등이 자리했습니다.

(사진=연합뉴스)
		]"
2024-07-03 17:00:02,[경제PICK] '7억' 아세안 전기차 시장 잡아라...인니에서 출격,https://n.news.naver.com/mnews/article/052/0002056207?sid=101,"[
			[앵커]경제 이슈를 친절하게 풀어드리는 '경제픽' 시간, 첫 번째 이슈 먼저 보고 오겠습니다.['7억' 아세안 전기차 시장 잡아라…인니에서 출격]인데요.오늘은 현장에 나가 있는 박기완 기자 연결해 소식 알아보겠습니다. 박기완 기자![기자]네, 인도네시아 카라왕 신산업단지입니다.[앵커]네, 아세안 전기차 시장을 잡기 위해 인도네시아에서 어떤 사업이 이뤄지고 있는 겁니까?[기자]네, 제 뒤로 보이는 이 공장에서 인도네시아 최초로 전기차 배터리 셀이 생산됩니다.한국의 완성차 업체인 현대자동차와 배터리 제조업체, LG에너지솔루션이 손을 맞잡아 이뤄진 일입니다.이곳 인도네시아는 세계 1위 니켈 생산 국가인데요.배터리 핵심 광물인 니켈을 이곳 인도네시아에서 직접 조달해서 배터리를 만들고,30분 거리에 위치한 현대차 인도네시아 공장에서 조립을 거쳐 전기차로 탄생하게 됩니다.그러니까 현지에서 전기차 생산의 생태계를 주요 과정을 모두 해결할 수 있게 된 셈입니다.[앵커]인도네시아에도 의미가 클 거 같은데, 우리 기업의 더 큰 전략도 숨어 있다고요?[기자]네, 조코 위도도 인도네시아 대통령은 배터리 셀 공장 준공식에 참석해 기쁨을 감추지 않았습니다.동남아시아에서 최초, 최대의 전기차 배터리 공장이 인도네시아에 완성됐다고 자신감을 드러냈습니다.특히 정의선 현대차그룹 회장의 비전과 용기 덕분이라면서, 한국과의 관계도 더 강화될 것이라고 강조했습니다.한편 현대차 입장에서는 이번 공장 준공이 아세안 전기차 시장 공략의 교두보가 될 것으로 보고 있습니다.아세안에서는 현지에서 생산된 부품 비율이 40%를 넘기면, 다른 9개 나라에 수출할 때도 무관세가 적용되는데요.이 때문에 배터리 셀 공장 현지화로 가격 경쟁력을 높여, 전기차 패권싸움에서 더 유리한 고지를 차지할 수 있을 것으로 기대하고 있습니다.정의선 현대차그룹 회장도 기자들과 만나 소회를 밝히면서 거듭 아세안 진출 의지를 드러냈습니다.직접 들어보시겠습니다.[정의선 / 현대자동차그룹 회장 : 인도네시아 정부의 강력한 지원이 있었습니다. 그래서 많은 일들이, 어려움이 있었지만 또 오늘날이 있게 된 것 같아서 참으로 기쁘게 생각하고…. 인도네시아에서 배터리 셀을 생산하고 자동차를 생산해서 다른 동남아 국가에도 전파할 수 있다는 점에서 큰 의미를 두고 있습니다. 다른 광물 자원도 있어서 그 부분을 잘 이용해서 많은 확장을….]현지 생산 배터리를 탑재한 코나 전기차는 오는 17일부터 인도네시아에 출시돼 소비자들과 만나게 됩니다.지금까지 인도네시아 자카르타에서 YTN 박기완 입니다.촬영기자 ; 이동규※ '당신의 제보가 뉴스가 됩니다'[카카오톡] YTN 검색해 채널 추가[전화] 02-398-8585[메일] social@ytn.co.kr
		]"
2024-07-04 05:40:00,"'韓 경제침탈 주도' 얼굴 박힌 1만엔 신권, 일본에 풀렸다",https://n.news.naver.com/mnews/article/008/0005059304?sid=104,"[
최고액권에 '시부사와 에이이치 초상화' 인쇄 논란20년 만에 새 지폐, 세계 최초 3D 홀로그래피 도입



기시다 후미오(오른쪽) 일본 총리가 3일 일본 도쿄의 일본중앙은행(BOJ)에서 우에다 가즈오 BOJ 총재와 함께 새로 발행한 지폐 3종을 들고 기념 촬영하고 있다. 최고액권인 1만 엔(약 8만6000원)에는 한국 경제 침탈의 주역인 '시부사와 에이이치'의 초상화가 들어가 논란이 일고 있다. 2024.07.03. /AP=뉴시스일본이 20년 만에 새 지폐 발행을 시작했다. 세계 최초로 3D 홀로그래피 기술을 접목해 위조 방지 화폐로 주목을 받은 가운데, 가장 큰 단위 화폐인 1만엔권에는 일제강점기 경제 침탈의 장본인인 시부사와 에이이치의 초상화가 들어가 논란이 인다.3일(현지시간) 니혼게이자이신문(닛케이), NHK방송 등에 따르면 일본은행(BOJ)은 이날부터 1000엔, 5000엔, 1만엔 등 화폐 3종을 교체 발행하기 시작했다고 밝혔다. 일본에서 새로운 디자인의 지폐가 발행된 것은 2004년 이후 20년 만이다. 일본당국은 화폐 위조를 막기 위해 20년마다 새 지폐를 발행한다. 이번에는 세계 최초로 '3D 홀로그래피' 기술이 지폐에 도입돼 주목받았다. 이에 따라 새 지폐에 포함된 인물 사진은 보는 각도에 따라 다르게 보인다. 또 누구나 쉽게 인식할 수 있게 하겠다는 취지로 '유니버설 디자인'을 도입했다. 새 지폐의 숫자는 기존 화폐보다 더 크게 표시돼 저시력자나 외국인 관광객도 쉽게 구별할 수 있을 것이란 기대를 모은다. 고령자가 많은 국가 특성도 반영된 변화다. 시각 장애인이 촉각으로 구분하기 쉽도록 지폐 권종에 따라 다른 위치에 깊은 음각 인쇄도 했다. 이날 각 지역 은행에는 새 지폐를 먼저 구하려는 사람들이 몰려들었다. 새 화폐를 받아 든 사람들은 이를 휴대폰으로 사진 찍어 가족이나 지인에게 보내기도 했다. 사이타마시 주민 마쓰자와씨는 닛케이에 활짝 웃는 얼굴로 지폐를 가리키며 ""하루라도 빨리 아이들에게 보여주고 싶다""고 말했다. 한편 새 화폐 모델 중에는 일제강점기 경제 침탈을 주도한 것으로 평가받는 인물이 포함돼 논란이다. 1만엔권에 초상화가 들어간 시부사와 에이이치는 일본 메이지 시대 경제 관료를 거쳐 일본 다이이치은행, 도쿄가스 등 500여개의 기업 설립과 운영에 관여해 일본에서는 '현대 자본주의의 아버지'로 불린다. 그러나 그는 구한말 한반도에 철도를 부설하고 일제 강점기 경성전기(한국전력의 전신) 사장을 맡는 등 한반도에 대한 경제 침탈을 주도했던 인물로 꼽힌다. 특히 그가 설립한 일본 다이이치은행이 1902~1904년 대한제국에서 발행한 첫 근대적 지폐 3종에 자신의 얼굴이 쓰여 한국에 치욕을 안겼다는 비판을 받아왔다.새 5000엔 지폐에는 '근대 여성 고등 교육의 어머니' 쓰다 우메코, 1000엔에는 '근대 의학의 아버지'로 불리는 기타사토 시바사부로의 초상화가 담겼다.  
]"
2024-07-03 18:04:17,경제 현안은 뒷전…특검법에 멈춰선 국회,https://n.news.naver.com/mnews/article/015/0005005272?sid=100,"[
경제분야 대정부질문 무산野 특검법 먼저 상정하자與, 곧장 필리버스터 돌입고물가·반도체 등 이슈 많은데민주, 정책 점검 기회도 걷어차특검법 4일 표결 후 처리될 듯



추경호 국민의힘 원내대표(오른쪽)와 박찬대 더불어민주당 원내대표(왼쪽)가 3일 국회 본회의에서 우원식 국회의장을 사이에 두고 설전을 벌이고 있다.  연합뉴스경제 분야 대정부질문을 위해 3일 국회 본회의장에 출석한 한덕수 국무총리와 최상목 부총리 겸 기획재정부 장관 등 각료들이 40여분 만에 퇴장했다. 의원들의 질문은 하나도 받지 못했다. 더불어민주당의 해병대원 특검법 처리 강행에 국민의힘이 필리버스터(무제한 토론)로 맞서며 대정부질문 자체가 무산된 데 따른 것이다. “국민은 고금리·고물가로 고통받는데 의원들이 경제 현안을 파악할 최소한의 기회도 걷어찼다”는 비판이 나온다. ○‘강 대 강’으로 맞붙은 여야우원식 국회의장은 이날 대정부질문에 앞서 해병대원 특검법을 우선 상정했다. 전날에는 정치·외교 분야 대정부질문을 끝내고 상정할 예정이었던 순서를 뒤바꾼 것이다. 우 의장은 “이미 국민 60% 이상이 순직 해병대원 특검법 도입이 필요하다는 의견을 주신 만큼 이제 국회가 이 사안을 마무리 지어야 한다”며 “국민 뜻에 따라 유가족의 눈물을 닦아주기 위해 국회의 결단이 필요한 시점”이라고 주장했다.국민의힘 의원들은 즉각 반발했다. 추경호 원내대표는 “왜 민주당이 시키는 대로 의사진행을 하느냐”며 “앞으로 의사일정에 협조할 수 없다”고 했다. 배준영 국민의힘 원내수석부대표는 “(해병대원 특검법을) 첫 번째 안건으로 상정해 대정부질문을 사실상 무산시켰다”며 “21대, 20대 국회에서는 대정부질문 중 법안을 상정해 강행 처리한 전례가 없다. 왜 헌정사를 새로 쓰려고 하냐”고 비판했다. 본회의장에 참석한 여당 의원들도 우 의장을 향해 “사퇴하라”며 목소리를 높였다.법안 상정과 함께 국민의힘의 필리버스터가 시작되면서 우 의장은 한 총리 등 국무위원들을 퇴장시켰다. 이에 국민의힘 의원들은 “국회 박쥐”라며 우 의장을 조롱했다. 첫 번째 무제한 토론 주자로 나선 유상범 국민의힘 의원은 민주당의 해병대원 특검법에 대해 “여야 합의로 특검을 추진해 온 전례를 배제하고 대통령 탄핵의 교두보를 마련하는 법안”이라며 “삼권분립 정신을 정면으로 위배한다”고 비판했다.



3일 국회에서 해병대원 특검법 상정에 이은 필리버스터로 예정됐던 대정부질문이 취소되면서 한덕수 국무총리 등 국무위원들이 본회의장을 떠나고 있다.   강은구 기자 ○대정부질문 이틀째 파행야당은 유 의원의 발언 중 무제한 토론 종결 동의서를 제출하며 국민의힘에 맞불을 놨다. 국회법에 따라 24시간이 지난 뒤 무제한 토론 종결 동의의 건을 무기명 투표로 표결한다. 재적 의원 중 5분의 3인 180명 이상이 찬성할 경우 무제한 토론이 중단된다. 따라서 해병대원 특검법은 4일 표결에 부쳐질 전망이다.다만 정치권 안팎에서는 “위기 상황인데 국회가 정쟁으로 점철되고 있다”는 비판이 크다. 대정부질문은 22대 국회에서 이틀간 파행을 이어가고 있다. 전날 정치·외교·통일·안보 분야 대정부질문은 김병주 민주당 의원의 발언에 여당 의원들이 항의하며 중단됐다. 김 의원이 ‘한·미·일 동맹’ 표현을 지적하며 “정신 나간 국민의힘”이라고 하면서다.이날도 경제 분야 대정부질문이 이뤄지지 못했다. 경제 분야 대정부질문이 파행되면 순서가 밀리지 않고, 바로 다음 순서인 교육·사회·문화 분야 대정부질문이 진행된다. 정치권 한 관계자는 “고물가 등 민생 경제에 영향을 미치는 이슈가 많고 반도체업계에 대한 위기의식도 상당한데 정쟁으로 질문하지 못하는 것이 참담하다”고 했다.
]"
2024-07-03 06:00:00,송도에 롯데 바이오 생산공장 착공…경제효과 7.6조,https://n.news.naver.com/mnews/article/003/0012643536?sid=101,"[
2030년까지 36만L 생산규모 공장 건설



[세종=뉴시스] 롯데바이오로직스 국내 바이오 플랜트 조감도 (사진=롯데 제공) 2024.07.03. photo@newsis.com *재판매 및 DB 금지[세종=뉴시스]여동준 기자 = 인천 송도에 경제효과 7조6000억원이 기대되는 바이오의약품 생산공장이 들어설 예정이다.산업통상자원부는 3일 강경성 산업부 1차관이 인천 송도에서 개최된 롯데 바이오로직스의 바이오의약품 제조공장 착공식에 참여했다고 밝혔다.산업부는 지난달 27일 바이오 기술·산업의 글로벌 초격차를 확보하기 위해 바이오 첨단전략산업 특화단지 5곳을 지정한 바 있다.롯데 바이오로직스는 이에 부응해 인천 송도에 약 4조6000억원을 들여 바이오의약품 생산공장 구축에 나섰다. 올해부터 오는 2030년까지 총 36만L 생산규모를 가진 바이오의약품 생산공장 3기를 건설할 예정이다.공장 건설·운영으로 인한 경제효과는 7조6000억원, 연계 고용 창출은 3만7000여명에 달할 것으로 예상된다. 롯데 측은 부지 내 바이오 벤처 기업에 대한 입주공간 제공, 산업협력 프로그램 개발 등 벤처기업 육성과 전문 인력 양성에 적극 나설 예정이다.산업부는 최근 바이오 의약품 수출이 전년 대비 8.8% 증가한 74억 달러를 기록하는 등 바이오 분야 투자 효과가 가시적으로 발생되고 있는 만큼, 바이오 분야가 미래 한국 경제의 성장동력으로 자리매김 할 수 있도록 지속 지원할 계획이다．
]"
2024-07-03 16:19:19,"""매우 환영""…중견·중소·소상공인, '하반기 경제정책' 호평(종합)",https://n.news.naver.com/mnews/article/003/0012645495?sid=101,"[
중견, 종합적인 민생회복 대책 매우 바람직중소, 한국은행서 기준금리 인하 검토 바라소상공인, 과중한 부담 조금이나마 덜어줘



[서울=뉴시스] 김명원 기자 = 최상목 경제부총리 겸 기획재정부 장관이 3일 서울 종로구 정부서울청사에서 열린 역동경제 로드맵, ’24년 하반기 경제정책방향(소상공인, 자영업자 종합대책) 등에 대한 부처 합동 브리핑에서 기자들의 질문에 답하고 있다. 2024.07.03. kmx1105@newsis.com[서울=뉴시스]이승주 기자 = 중견·중소기업계와 소상공인 모두 올해 '하반기 경제정책방향'에 대해 매우 바람직하다며 환영의 뜻을 밝혔다. 정부는 3일 '2024년 하반기 경제정책방향 및 역동경제 로드맵'을 발표하고 소상공인·자영업자 종합대책을 논의했다.중견기업연합회(중견련)는 이날 논평을 통해 ""하반기 경제정책 방향의 현실적인 인식에 적극 공감한다""고 전했다.중견련측은 ▲소상공인·자영업자 애로 해소 금융지원 3종 세트 ▲1조원 규모의 긴급 민생안정자금 투입 ▲물가 관리 및 생계비 부담 경감을 위한 5조6000억원 규모 재원 투여 ▲재난적 의료비 지원 확대 등의 구체적인 대책을 언급하며 ""서민의 삶을 뒷받침하고 수출과 내수를 활성화함으로써 경제 전반의 활력을 끌어올리는 효과를 발휘할 것으로 기대한다""고 말했다.'역동경제 로드맵'에 대해서는 ""현재 2%대 초반에 불과한 잠재성장률 하락 추세에 대응하고, 무너진 사회이동성을 강화하기 위해 혁신과 변화의 필요성을 명확히 적시했다""며 상당히 바람직하다고 입장을 밝혔다.특히 역동경제 로드맵을 통해 성장할수록 오히려 증가하는 '규제의 실효성'을 재검토하고, 성장단계별 맞춤형 지원으로 중견·대기업의 일자리를 2035년까지 연평균 4% 이상 증가한 800만개 이상으로 끌어올리기로 한 것을 두고도 긍정적인 평가가 이어졌다.또 중견련 관계자는 ""기업 성장사다리 구축, 디지털 대전환, 자본시장 선진화, 기업 투자유치제도 전면 개편 등 신통상정책을 추진키로 한 조치는 지속가능한 성장의 근간으로서 보다 건강한 대내·외 혁신생태계를 조성하는 데 실질적으로 기여할 수 있을 것이다""고 말했다.중견기업계는 ""올해 하반기 경제정책이 실효를 거둘 수 있도록 현장의 폭넓은 의견을 기반으로 정부, 국회와 긴밀히 소통하겠다""고 전했다.  중소기업계도 마찬가지로 정부의 하반기 경제정책방향을 환영한다는 입장을 밝혔다.중소기업중앙회(중기중앙회)는 이날 입장문을 통해 ""'소상공인·자영업자 종합대책'의 신속한 추진을 통해 금융지원 등 경영부담을 완화하고, 재기지원을 강화하는 것은 민생경제 안정을 위해 큰 도움이 될 것이다""고 평가했다. 특히 ""노란우산공제 소득공제 확대와 자영업자 고용보험 가입 지원으로 사회안전망이 강화되고, 중소기업 취업자 소득세 감면대상 확대와 경영성과급 세액공제 일몰연장 등을 통해 중소기업 근로자의 소득이 확대되기를 기대한다""고 밝혔다.다만 ""정부의 민생안정 정책효과가 극대화되기 위해서는 통화정책이 병행되어야 하는 만큼 한국은행 금융통화위원회에서 기준금리 인하를 전향적으로 검토하길 바란다""고 당부했다.중소기업계는 ""투자 확대와 일자리 창출을 통해 민생안정과 경기 회복을 위해 최선의 노력을 다할 것이다""고 덧붙였다.소상공인연합회(소공연) 또한 이날 논평을 내고 이번 정부의 종합대책 마련을 매우 긍정적으로 평가했다.소공연은 ""소상공인은 엔데믹 후에도 경기 침체와 소비심리 위축 등의 영향으로 경영 여건 개선이 요원한 상태에 처해있다""며 ""그동안 소상공인의 부담을 경감할 수 있는 지원책 마련의 필요성을 주장해 왔다""고 운을 뗐다. 이에 ""중소벤처기업부를 비롯한 관계기관간 범부처 차원의 협력으로 이번 종합대책이 마련된 것을 매우 긍정적으로 평가하는바""라며 ""이번 종합대책이 경영위기에 빠진 소상공인의 과중한 부담을 조금이나마 덜어주는 결과로 이어지길 기대한다""고 전했다. 아울러 ""소상공인 역시 정부의 지원대책이 실효적인 성과로 이어질 수 있도록 자체적인 경영 개선 노력을 병행해 경쟁력과 자생력을 키우고, 민생경제의 근간으로써 국가 경제 발전에 일조할 수 있도록 최선을 다하겠다""고 말했다．
]"
2024-07-03 12:31:23,[하반기 경제정책]⑦ ‘대체’에 이어 ‘요일제’ 공휴일 도입… 월급 대신 ‘주급’ 활성화,https://n.news.naver.com/mnews/article/366/0001001887?sid=101,"[
연차 안 내고 쉬고 ‘징검다리’ 없도록 휴일 조정  대체공휴일 적용 안 되는 ‘1월 1일·현충일’  韓, OECD 평균보다 185시간 더 근무해 기업 ‘진입 규제’ 완화… 고액 기부에도 힘 실어



부처님오신날인 지난 5월 15일 경복궁이 내·외국인 관람객으로 붐비고 있다. /연합뉴스        정부가 대체 공휴일에 이어 ‘요일제 공휴일’을 도입할 방침이다. 매년 공휴일 수에 편차가 생기고, 징검다리 휴일이 발생하면서 휴식에 비효율이 발생한다고 봤기 때문이다.정부는 급여 지급 주기를 기존의 월급제에서 주급이나 월 2회 지급 등 다양화하는 방안도 모색한다. 직장인의 자금 유동성을 원활하게 하겠다는 취지에서다. 또 재택근무 등 유연근무 도입이나 활용률을 높이고, 장시간 근로하는 문화를 개선할 예정이다.



윤석열 대통령이 3일 서울 종로구 청와대 영빈관에서 열린 '하반기 경제정책방향 및 역동경제 로드맵 발표' 행사에서 발언하고 있다. /연합뉴스  충분한 휴식 통한 ‘재충전 기회’ 보장        정부는 3일 관계부처 장관 합동브리핑을 열고 이 같은 내용의 ‘하반기 경제정책방향 - 역동경제 로드맵’을 발표했다.정부는 이날 일·생활 균형 정책의 일환으로 요일제 공휴일을 도입하겠다고 밝혔다. 날짜 중심의 공휴일 제도로 인해 근로자가 비효율적으로 쉰다고 본 것이다. 공휴일이 목요일인 경우 ‘징검다리 연휴’가 돼 금요일에 개인 휴가를 따로 내야만 연속적으로 쉴 수 있기 때문이다.한국은 공휴일 수가 15일이다. 그러나 1월 1일, 현충일 등은 대체공휴일을 적용하지 않아 연도별 공휴일 수에 편차가 발생한다. 반면 일본이나 미국, 호주, 영국, 중국 등은 날짜 지정 공휴일들을 대체 공휴일로 적용하고 있다. 공휴일의 대부분을 요일로 지정해 둔 점도 특징이다.일본은 성인의날, 경로의날 등 공휴일을 월요일로 지정해 연휴를 확대했다. 미국은 ‘월요일 공휴일 법’, 중국은 ‘황금연휴제도’ 등을 운영 중이다. 이를 벤치마킹해, 국내에선 신정이나 현충일에도 대체 공휴일을 적용하거나, 해당 월의 첫 월요일이나 금요일로 전환할 수 있다는 관측이 나온다.



그래픽=정서희  ‘더 일하는 한국인’ 장시간 근로 관행 깨지나        정부는 직장인의 자금 유동성을 위해 급여 지급 주기를 기존의 월 1회에서 주 1회, 2주 1회, 월 2회 등으로 다양화하는 방안도 검토 중이다. 미국, 캐나다, 호주, 러시아, 멕시코 등에서는 월 2회 또는 2주에 1회 급여를 지급하는 시스템이 활성화된 상태다.정부는 우리나라 노동시장의 획일적·경직적 근무제도로 인해 경제력에 비해 노동생산성이 낮다고 보고 있다. 노동생산성은 경제협력개발기구(OECD) 37개국 중 33위 수준이다. OECD 33개국 임금근로자의 연간 평균 실근로시간을 따지면 한국(1904시간)은 6위로 상당히 높은 수준이다. OECD 평균 실근로시간인 1719시간보다도 185시간 더 일하는 셈이다.재택근무 등 유연근무 도입과 활용도 저조한 상황이다. 고용노동부에 따르면 2022년 기준 유연근무제도 도입률은 25.1%로 미도입이 74.9%에 육박하는 상황이다.반면 미국, 유럽연합(EU) 등 해외 주요국은 근무 시간 내 휴게 시간을 유연하게 적용하고 있다. 한국은 근로기준법에 따라 사용자는 근로 시간이 4시간 이상이면 30분 이상, 근로 시간이면 1시간 이상 휴게시간을 줘야 한다.김재훈 기획재정부 경제정책국장은 “4시간을 근무하는 근로자의 경우 근무를 마친 뒤에도 퇴근하지 못하고 30분 동안 기다렸다 퇴근하는 등 불합리한 상황이 발생하고 있다”며 “탄력적으로 (근무 시간 내 휴게 시간을) 운용하는 방안을 검토하겠다”고 말했다.



그래픽=정서희  선진국 수준으로 ‘시장 진입 규제’ 합리화한다        정부는 시장 진입을 가로막는 규제를 제거할 방침이다. 그간 정부의 규제 혁신 노력에도 불구하고 스타트업 등 신규사업자가 체감하는 규제 강도는 여전히 높은 상황이다. 한국경영자총협회에 따르면 올해 스타트업이 규제 애로를 경험한 비율은 64.3%에 달한다. 스타트업 활성화를 위해 개선이 시급한 규제 분야 1위로는 ‘진입 규제’(49.7%)가 꼽혔다.이에 정부는 주요 선진국 수준으로 진입 규제 합리화를 추진한다. 정부는 2027년까지 세계 최고 수준의 선진적 경쟁 제도를 구현하겠다는 목표를 세웠다.담합 등 공정거래법 위반 행위가 지속적으로 발생하는 점도 민생 경제에 악영향을 주고 있다. 공정거래위원회에 따르면 담합 등 공정거래법 위반 행위 접수 건수는 2021년 459건, 2022년 498건, 2023년 584건으로 매년 증가하는 추세다.정부는 하반기 중 불공정 거래 피해자 구제를 위한 법 제도를 개선하고 지원 체계를 확충할 계획이다. 공정거래 분야 분쟁 조정법을 제정하거나 국민 생활 밀접 분야의 징벌적 손해배상 적용 범위 확대 등이 검토될 것으로 보인다.기업이 부당한 방식으로 가격을 인상하거나 부당광고로 가격·품질 등을 기만하는 소비자 권익 침해 사례도 발생하고 있다. 정부는 기업이 제품 가격을 그대로 두면서 용량을 줄이는 ‘슈링크플레이션’에 대응하기 위해 내년까지 소비자 정보 제공을 지속할 예정이다.



지난해 12월 24일 오전 서울 종로구 광화문광장에 설치된 사랑의 온도탑이 60.5도를 가리키고 있다. /뉴스1  기부금 단체 신뢰성 높여 ‘고액 기부’ 활성화 추진        정부는 기부 문화를 조성하기 위한 방안들을 내놨다. 경제 발전 수준에 비해 사회 자본이 취약해 대인 신뢰도가 하락하고 있기 때문이다. 한국행정연구원에 따르면 대인 신뢰도는 2014년 73.7%에서 2016년 66%, 2022년 54.6%로 하락하는 추세다. 정부는 기부 문화가 조성되면 사회 구성원 간 신뢰와 통합을 바탕으로 갈등 비용을 낮출 수 있다고 보고 있다.정부는 국내총생산(GDP) 대비 기부금 규모를 2022년 0.7% 수준에서 2035년 1%대로 끌어올릴 계획이다. 이를 위해 정부는 고액 기부 활성화에 초점을 맞췄다. 종합소득 상위 10% 소득층 기부 금액(2조3100억원)은 전체 종합소득자 기부 금액(3조7900억원)의 60.9%를 차지하는 수준이다.이를 위해 정부는 기부금 단체의 신뢰성을 제고할 계획이다. 기부금 단체가 기부금을 어디에 어떻게 사용하고, 수혜자의 삶에 어떤 의미를 남겼는지 등을 투명하게 공개하는 방안을 들여다볼 전망이다.이외에도 기부 관련 제도인 공익신탁법은 공익신탁 운영 방식을 엄격하게 제한하고 있어 기부 수요에 비해 제한적으로 활용되고 있다. 2015년 공익신탁법이 제정된 이후 총 36건 인가됐고, 2021년 이후 인가 건수는 연평균 1건 수준에 그치고 있다. 정부는 고향사랑 기부금 세액공제 한도 상향도 검토할 계획이다.
]"
2024-07-03 12:30:23,[하반기 경제] 소상공인 금융지원 '3종 세트'…배달·전기료도 지원,https://n.news.naver.com/mnews/article/001/0014784906?sid=101,"[
정책자금 상환 연장 지원 대상 대폭 확대…고금리→저금리 대환대출 요건 완화음식점 등 영세 소상공인 배달료 지원…전기료 혜택 대상 소상공인 50만명 더 늘어나프랜차이즈 필수품목 확대시 가맹점주 협의 의무화…온누리상품권 사용처 대폭 확대 



자영업자 은행 연체율 11년 만에 최고(서울=연합뉴스) 한상균 기자 = 9일 서울 시내 한 폐업 상점에 각종 고지서가 쌓여 있다.    이날 금융감독원에 따르면 개인사업자대출 연체율이 2012년 12월(0.64%) 이후 가장 높은 수준으로 치솟았다. 2024.6.9 xyz@yna.co.kr    (서울=연합뉴스) 박상돈 기자 = 정부가 소상공인 비용 부담을 줄여주기 위해 정책자금 상환 연장, 전환보증, 대환대출 등의 금융 지원 '3종 세트' 정책을 추진한다. 영세 소상공인에게 배달료를 지원하고, 추가로 영세 소상공인 최대 50만명에게도 전기료 혜택을 주기로 했다.      또 앞으로 프랜차이즈 가맹본부가 필수품목을 늘리거나 가격을 올릴 때는 반드시 소상공인 가맹점주와 협의해야 한다. 전통시장과 골목형 상점가에서 쓸 수 있는 온누리상품권은 사용처가 대폭 늘어나 오는 9월부터 스포츠학원, 노래방, 병원, 동물병원 등에서도 사용할 수 있게 된다.     정부는 3일 부처 합동으로 이런 내용을 담은 '소상공인·자영업자 종합대책'을 발표했다. 



1년새 50% 증가한 자영업자 대출 연체금액(서울=연합뉴스) 김성민 기자 = 경기 부진 등을 대출로 버텨온 자영업자들이 갚지 못한 대출 규모가 1년 사이 50% 이상 늘어났다. 특히 사업 경험이나 자산이 상대적으로 적은 20·30대 젊은 자영업자들의 연체율이 가장 빨리 증가했다. 신용평가기관 나이스평가정보의 '개인사업자 가계·기업대출 현황 자료에 따르면 개인사업자 335만8천499명의 연체금액(3개월이상 연체 기준)은 18조2천941억원에서 27조3천833억원으로 9조892억원(49.7%)이나 급증했고, 평균 연체율도 1.69%에서 2.47%로 약 0.8%포인트(p) 뛰었다.     사진은 4일 오전 서울 서초구 교대역에 채무 상환 관련 광고가 붙어 있다. 2024.3.4 ksm7976@yna.co.kr  소상공인 정책자금 상환 연장…고금리 대환대출 요건 완화    내달부터 정책자금 상환 연장 지원 대상 소상공인이 대폭 확대되고 연장 기간도 최대 5년까지 늘어난다. 지원 기준에서 업력 3년 이상, 대출 잔액 3천만원 이상 등의 요건이 폐지된다.     상환 연장 시 적용되는 금리도 '정책자금 기준금리+0.6%포인트'에서 '기존 이용금리+0.2%포인트'로 개선된다.    또 지역신용보증재단 보증부대출을 이용하는 소상공인 대출 상환 기간 연장을 위해 5조원 규모의 전환보증이 신설된다.     은행·비은행권의 7% 이상 고금리 대출을 저금리 대출로 대환하기 위해 소상공인시장진흥공단이 5천억원 규모로 진행하는 프로그램 요건은 내달부터 대폭 완화된다.    신용도가 NCB 개인신용평점 839점 이하에서 919점 이하로 완화되고 대출 시점은 지난해 8월 31일에서 대책이 발표된 이날 이전으로 변경된다. 대출 유형도 사업자대출에서 사업 용도 가계대출까지 포함하는 것으로 변경된다.     한도 3천만원의 저신용 소상공인 정책자금 지원 대상의 신용도는 NCB 744점 이하에서 839점 이하로 하향 조정돼 지원 대상이 늘어나고 올해 지원 금액은 4천억원에서 6천억원으로 2천억원 추가된다.    외식업계 부담 완화를 위해 농산물 구매자금 융자 금리를 1%포인트 인하하는 방안도 추진된다.



소상공인, 전기요금 최대 20만원 지원받는다(서울=연합뉴스) 임화영 기자 = 영세 소상공인들은 정부가 마련한 최대 20만원 전기요금 특별지원을 오는 21일부터 온라인에서 순차적으로 신청해 받을 수 있게 됐다.    지원 대상은 공고일 기준 활동 중이고 연 매출이 3천만원 이하이며 사업장용 전기요금(주거용 등 제외)을 부담하는 개인·법인사업자다.    사진은 14일 서울 시내의 한 전통시장에서 장사 중인 상인. 2024.2.14 hwayoung7@yna.co.kr  영세 소상공인 배달료 지원…전기료 혜택 대상 50만명 더 늘어나     소상공인의 배달료와 임대료, 전기료, 인건비, 관리비 등 5대 고정비용 부담을 완화하기 위한 정책도 추진된다.    정부는 내년부터 음식업 등 영세 소상공인을 대상으로 배달료 신규 지원을 추진하고 배달앱·숙박앱 등 플랫폼 사업자와 입주업체 간의 상생과 부담 완화를 위한 논의를 촉진하기로 했다.    또 소상공인에게 임대료를 인하해준 임대인에 대해 인하액의 최대 70%를 세액공제해 주는 세제지원 일몰을 올해 말에서 내년 말로 연장하고 국유재산 사용료 감면 지원 기간도 내년 말까지 1년 연장한다.    전기료 지원 기준이 현재 연 매출 3천만원 이하에서 6천만원 이하로 완화되면서 최대 50만명이 20만원의 전기료를 지원받게 됐다.     인건비 부담 완화를 위해서는 키오스크와 서빙 로봇 등 자동화 스마트기기를 약 6천개 지원하고 지난 4월부터 시행 중인 음식점업 주방 보조원 E-9 비자 시범사업 평가를 토대로 하반기에 외국인 고용 허가 범위를 확대하는 것을 검토한다.    이와 함께 관리비 부과의 투명성 확보를 위해 개정된 상가임대차 표준 계약서를 적극적으로 활용하도록 유도할 계획이다. 



[그래픽] 소상공인 종합 지원대책 주요 내용(서울=연합뉴스) 김영은 기자 = 0eun@yna.co.kr    X(트위터) @yonhap_graphics  페이스북 tuney.kr/LeYN1



전통시장 온누리상품권 사용처 대폭 확대(서울=연합뉴스) 임화영 기자 = 전통시장 신용카드 사용분에 대한 소득공제율이 상향 조정되고 전통시장에서 쓸 수 있는 온누리상품권 사용처가 대폭 확대된다.     24일 정부와 소상공인 업계에 따르면 중소벤처기업부는 전통시장 및 상점가에서 사용할 수 있는 온누리상품권 사용처를 대폭 확대하기 위해 전통시장법 시행령 개정 작업을 진행 중이다.     중기부는 소상공인 지원을 위해 유흥업소 등 일부 업종을 제외한 나머지 모든 가맹점에서 온누리상품권을 사용할 수 있도록 할 계획이다.     전통시장 신용카드 사용분에 대한 소득공제율을 현행 40%에서 80%로 상향 조정하는 조세특례제한법 개정도 다시 추진된다.    사진은 24일 서울 시내의 한 전통시장 상점에 게시된 온누리상품권 가맹점 안내문. 2024.6.24 hwayoung7@yna.co.kr  프랜차이즈 필수품목 확대 시 가맹점주와 협의 의무화     소상공인의 경영 환경 개선을 위해 프랜차이즈의 필수품목 관련 제도도 개선된다.     프랜차이즈 가맹본부가 필수품목 확대·가격 인상 등 거래조건을 가맹점주에게 불리하게 변경할 경우 의무적으로 가맹점주와 협의를 거치도록 했다. 필수품목을 축소한 가맹본부에는 공정거래 협약 이행 평가 시 기존보다 가점을 더 부여해 인센티브를 제공한다.     또 소상공인도 비축물자를 팔 수 있도록 해 비축 농산물은 시장과 슈퍼까지, 수산물은 슈퍼까지 각각 공급한다.     소상공인을 위한 공제 제도인 '노란우산' 납입부금에 대한 소득공제 한도는 연간 최대 500만원에서 600만원으로 상향 조정된다. 내년부터 노란우산 공제 무이자 대출 및 공제부금 납부유예 인정 사유에는 '출산'이 추가된다.     온누리상품권 사용처도 오는 9월부터 대폭 확대된다.     온누리상품권 가맹 제한 업종이 40종에서 28종으로 축소돼 전통시장과 골목형상점가에 있는 스포츠학원, 노래방, 병원(한방·치과), 동물병원 등에서도 온누리상품권을 사용할 수 있게 된다. 골목형상점가 사용처는 지난해 182개에서 오는 2027년까지 300개로 확대할 계획이다.    아울러 관광 활성화를 통한 소상공인 매출을 확대하기 위해 추석 기간 비수도권을 대상으로 숙박쿠폰 20만장을 추가 발행한다.      쇠퇴 도심 활성화를 위해 도시재생씨앗융자 대상에 내년 상가복합주택을 허용하고 올해 하반기에는 업종 제한을 완화하는데 생맥주 전문점과 스크린 야구장 등이 허용된다.    하반기에는 '한국의 장(醬)'을 주제로 1호 K-미식벨트를 조성하는 등 K-미식벨트 톱30을 조성하는 작업도 본격화된다.    kaka@yna.co.kr
]"
2024-07-03 12:30:27,[역동경제 로드맵] 징검다리 아닌 사흘 황금연휴…'요일제 공휴일' 검토,https://n.news.naver.com/mnews/article/001/0014784913?sid=101,"[
먹거리 관세율 낮춘다…외국인 돌봄서비스 확대(세종=연합뉴스) 송정은 기자 = 정부가 대체공휴일을 확대하거나 미국처럼 '요일제 공휴일'을 도입하는 방안을 검토한다. 충분한 휴식을 보장해 일과 생활의 균형을 찾겠다는 취지다.    먹거리 분야 관세율을 낮춰 필수 생계비 부담도 덜어내기로 했다.    정부는 3일 관계부처 합동으로 이런 내용 등을 담은 '역동경제 로드맵'을 발표했다.



황금연휴 앞둔 김포공항 국내선 청사(서울=연합뉴스) 박동주 기자 = 황금연휴를 앞둔 3일 서울 강서구 김포공항 국내선 청사에서 여행객 등이 대기하고 있다. 2024.5.3 pdj6635@yna.co.kr  매년 '3일 연휴' 구상…의무 휴게시간 30분도 개선    정부는 날짜 중심의 공휴일제도를 개선키로 했다.    대체공휴일 확대 또는 특정 요일을 공휴일로 지정하는 요일제 공휴일로 매년 안정적인 휴일 수를 확보하겠다는 구상이다.    우리나라는 신정(1월 1일)과 현충일(6월 6일)에는 대체공휴일을 적용하지 않아 연도별로 공휴일 수가 차이가 난다. 주요 선진국은 날짜 지정 공휴일에 모두 대체공휴일을 적용하고 있다.    금·월요일을 공휴일로 지정한다면 주말과 이어 사흘간 쉼으로써 연휴 효과를 극대화할 수도 있다.    미국은 '월요일 공휴일 법', 일본은 '해피 먼데이 제도'를 운영해 많은 공휴일을 월요일로 지정했다.    어린의날·현충일·한글날 등은 요일제가 가능한 공휴일로 검토되고 있다.    정부는 현행 근로 시간 제도에 대한 개선 방안도 장기적으로 모색한다.    휴게시간 선택권을 높이는 안이 대표적이다. 현재는 4시간을 일하면 30분 이상을 의무적으로 쉬어야 한다. 이 때문에 4시간만 근무하는 근로자도 일한 뒤 30분간 쉬다가 퇴근해야 하는 등 불합리한 상황이 생기고 있다는 정부의 문제의식이다.    급여 지급도 현행 월급 체계를 '월 2회', '주1회', '2주1회' 지급 등 다양한 체계로 바꿔 나가는 방안을 연구하기로 했다.



현충일 맞아 야구장 가득메운 야구팬들(인천=연합뉴스) 임순석 기자 = 6일 오후 인천 SSG랜더스필드에서 열린 2024 KBO리그 삼성 라이온즈와 SSG 랜더스의 경기. 시즌 4번째 매진을 기록한 가운데 야구팬들이 응원전을 펼치고 있다. 2024.6.6 soonseok02@yna.co.kr  기후변화 대응해 먹거리 관세 인하…'워런 버핏'처럼 기부문화 확산    기후변화 등에 대응해 장기적으로 먹거리 물가를 안정화할 방안도 담겼다.    먹거리 분야에 현재의 할당관세 방식 대신 근본적으로 관세율을 낮추도록 검토하겠다는 것이다.    기재부에 따르면 2022년 기준 육류 관세부과율은 6.95%, 어류는 8.39%, 낙농품 9.61%, 채소 23.43%, 과일 7.93% 등으로 나타나 전체 평균 1.49%와 비교해 상대적으로 높은 수준이다.    또 온라인 도매시장을 활성화하고, 농가는 토지·경영을 영농조합법인에 일임하고 조합은 소득을 농가에 주는 식의 '공동 영농모델'을 확산해 나가기로 했다.



마트에 놓인 과일(서울=연합뉴스) 박동주 기자 = 사진은 4일 서울의 한 대형마트 과일 판매대. 2024.6.4 pdj6635@yna.co.kr    서로 상생하는 문화를 위해 기부 유인도 확대한다.    정부는 기부금 범위에 상장주식, 선불전자지급수단, 전자화폐, 선불카드, 상품권 등을 포함하도록 시행령 개정을 추진한다.    공인신탁 귀속 방식을 다양화하거나 투자 가능 대상을 확대하는 방안과 고향사랑기부금 세액공제 한도 상향도 검토한다.    기재부 김재훈 경제정책국장은 ""최근 워런 버핏이 유산을 공익신탁에 맡기겠다고 했는데 우리나라는 공익신탁 제도가 엄격해 활용도가 낮은 편""이라며 ""이런 부분의 제도 개선 방안을 검토해 나가겠다""고 말했다.  중장년 인력 활용 '계속고용'…'졸업 패스트트랙'도 도입    정부는 직무·성과 중심 임금체계가 확산하도록 직무급을 도입한 공공기관을 올해 109개에서 2027년 200개까지 늘릴 방침이다.    아울러 중장년층이 이른 퇴직 후 저임금 일자리로 옮기는 현상을 방지하기 위해 사회적 대화를 바탕으로 '계속고용 로드맵', '중장년 전직·재취업 활성화 방안'을 하반기 중 마련키로 했다. 정년 연장 논의도 함께 이뤄질 것으로 보인다.    돌봄 인력을 확충하기 위해 외국인 가사관리사와 체류 외국인 가사 돌봄 시범 사업을 내년부터 돌봄서비스 전반으로 확대하는 방안도 검토한다.



'축하합니다'(서울=연합뉴스) 박동주 기자 = 23일 오전 2024년 겨울 학위수여식이 열린 서울 종로구 성균관대학교에서 졸업생들이 기념 촬영을 하고 있다. 2024.2.23 pdj6635@yna.co.kr    탄력적 대학 학사 운용으로 '조기졸업'이 가능한 신속 졸업 트랙도 운영키로 했다. 미국의 경우 고등학생이 대학 과목을 수강하고 고등학교·대학교 학점을 동시에 인정받기도 한다.    정부는 저소득층의 근로의욕을 높여 약자 보호도 강화하겠다는 방침이다.     영국의 '유니버설 크레딧' 제도를 참고해 고용-복지 전반의 소득 보장제도를 종합적으로 점검·평가하는 연구용역을 올 하반기 중으로 추진한다. 영국은 근로 연령층을 대상으로 하는 주요 사회부조 제도를 하나의 체계로 통합해 근로소득 증가에 따른 복지급여 감소 시 65% 수준의 단일감액률을 적용하고 있다.    빈곤층의 최저생활 보장 강화를 위해 생계급여 선정 기준은 기준 중위소득 32%에서 오는 27년까지 기준 중위소득 35%로 단계적으로 높여나갈 계획이다.



[그래픽] 역동경제 로드맵 주요 내용(서울=연합뉴스) 김민지 기자 = minfo@yna.co.kr    X(트위터) @yonhap_graphics  페이스북 tuney.kr/LeYN1    sje@yna.co.kr
]"
2024-07-03 12:30:22,[하반기 경제] 부동산 PF 대수술…시행사 자기자본비율 상향,https://n.news.naver.com/mnews/article/001/0014784903?sid=101,"[
GDP 대비 가계부채 비율, 올해 말 90%초반으로 관리



PF 사업장 현장[연합뉴스 자료사진]    (서울=연합뉴스) 임수정 기자 = 정부가 부동산 프로젝트파이낸싱(PF) 시행사의 자기자본 비율을 높이고 대출 시 사업성 평가를 강화하는 내용의 'PF 제도 개선 방안'을 연내 발표한다.    정부는 3일 관계부처 합동으로 발표한 '2024년 하반기 경제정책방향'에서 근본적인 PF 사업구조 개편 방안을 마련 중이라고 밝혔다.    우선 정부는 PF 사업의 자기자본 비율 확대를 유도하기 위해 자기자본 비율에 따른 인센티브를 차등화할 방침이다.     금융사가 PF 대출을 공급할 때 자기자본 비율이 낮을수록 더 많은 대손충당금을 쌓는 방안 등이 검토될 것으로 보인다.    시행사가 적은 자기자본으로 무리하게 레버리지를 일으켜 사업을 진행하는 구조는 PF 사업의 고질적인 문제로 꼽혀왔다.     국내 시행사는 총사업비의 3~5%만 자기자본을 투입하고 나머지는 대출에 의존하는 형식으로 사업을 추진하다 보니 위기 시 충격이 크고 금융권·건설업계 등으로 파장이 전이되는 사태가 반복돼 왔다.    정부는 우수한 역량을 갖춘 디벨로퍼 중심으로 부동산 개발이 이뤄질 수 있도록 우수업체 선별·지원, 전문인력 관리 체계화 등 시행업계의 내실화도 추진하기로 했다.    부동산 PF 대출 시 사업성 평가를 강화하고 PF 시장 참여자의 건전성 유지를 위한 방안도 마련한다.     PF 시장 투명성을 강화를 위해서는 PF 통합정보 시스템을 구축하기로 했다. PF 사업자별 재무 자료와 사업성에 대한 자료가 부족하다는 지적을 수용한 것이다.



[그래픽] 2024 하반기 경제정책방향 주요 내용(서울=연합뉴스) 김민지 기자 = minfo@yna.co.kr    X(트위터) @yonhap_graphics  페이스북 tuney.kr/LeYN1    정부는 PF와 함께 한국 경제 잠재 리스크로 꼽히는 가계부채에 대한 관리 기조도 재확인했다.    정부는 연말 기준 국내총생산(GDP) 대비 가계부채 비율을 90%대 초반으로 관리할 계획이다. 지난해 말 기준 GDP 대비 가계부채 비율은 93.5%였다.     스트레스 총부채원리금상환비율(DSR) 적용 범위를 오는 9월 확대하는 등 DSR 규제를 점진적으로 내실화·확대하고, 커버드본드 시장 활성화 등을 통해 장기·고정금리 주택담보대출 취급 기반을 넓힌다.     아울러 빅데이터(신용카드 결제액 등)·인공지능(AI) 모형을 활용해 소비·투자 등 실물경기 흐름을 실시간으로 파악·진단하기 위한 방안도 마련 중이라고 밝혔다.    sj9974@yna.co.kr
]"
2024-07-03 12:30:25,[하반기 경제] 최대주주 할증평가 폐지…가업상속공제 한도 확대,https://n.news.naver.com/mnews/article/001/0014784909?sid=101,"[
밸류업·스케일업·기회발전특구기업 공제한도 최대 1천200억원



상속 (CG)[연합뉴스TV 제공]    (세종=연합뉴스) 박원희 기자 = 최대주주 주식의 상속·증여 때 적용되는 할증을 없애는 법 개정이 추진된다.     기업가치 제고 조치인 '밸류업'과 기업의 투자 확대, 지방균형발전 등을 유도하는 방향으로 가업상속공제의 적용 범위와 한도는 확대한다.    기획재정부는 3일 발표한 역동경제 로드맵에서 이런 내용의 세법 개정을 하반기 추진하겠다고 밝혔다.    현재 중소기업을 제외한 기업의 최대주주 지분을 상속·증여하는 경우 해당 주식의 가치를 20% 높여 평가한다. 최대주주의 주식에는 기업 경영권이라는 프리미엄이 있다는 이유에서다.    이에 따라 최대주주의 주식에 상속세 최고세율 50%가 적용될 경우 실질적으로 60% 세율로 과세해 상속세 부담이 지나치게 크다는 지적이 재계 등에서 제기돼 왔다.    다만 할증 평가를 폐지하면 경영권 프리미엄이 반영되지 않아 실질 과세 원칙에 어긋날 수 있다는 지적도 나온다.    정정훈 기재부 세제실장은 ""기업의 경영권 프리미엄이라고 하는 게 고정돼 있진 않기 때문에 오히려 일률적으로 할증평가를 적용하는 것이 실질과세 원칙에 맞지 않는다""며 ""외국의 경우에도 할증 평가를 하지 않는 경우가 더 많다""고 말했다.



가업상속 (PG)[장현경 제작] 일러스트    정부는 밸류업 기업과 스케일업 기업, 기회발전특구 기업 등을 대상으로 가업상속공제의 적용 범위와 한도도 확대하기로 했다.    가업상속공제는 10년 이상 운영한 기업의 원활한 가업상속을 지원하기 위해 상속재산의 일부를 과세 가액에서 공제해주는 제도다.     중소기업이나 매출액 5천억원 미만의 중견기업이면 가업 영위 기간에 따라 최대 600억원을 공제받을 수 있다.    정부는 밸류업 기업 등에 대해 공제 적용 범위를 상호출자제한기업을 제외한 중견기업 전체로 확대하는 방안을 추진한다. 공제 한도는 이들 기업에 대해 1천200억원으로 두 배 늘린다.    밸류업 기업은 내년부터 2029년까지 밸류업 공시를 하고 배당과 자사주 소각을 합한 주주환원액이 당기순이익 대비 업종별 평균 수준을 120% 웃도는 기업이다.    스케일업 기업은 같은 기간 투자 또는 연구개발(R&amp;D) 지출이 매출액 대비 5% 이상이고 연평균 지출 증가율이 5% 이상인 기업이다. 고용도 유지해야 한다.    투자 또는 R&amp;D 지출이 매출액 대비 3% 이상이고 연평균 지출 증가율이 10% 이상이어도 스케일업 요건을 충족한다. 고용 유지 조건은 그대로다.    기회발전특구 요건의 경우 특구에서 창업하거나 수도권 과밀억제권역에서 특구로 이전하는 기업이면 혜택을 볼 수 있다.    앞서 정부는 2022년 세제개편안에 가업상속공제 적용 대상을 매출액 4천억원 미만에서 1조원 미만의 중견기업으로, 공제 한도도 최대 500억원에서 1천억원으로 각각 확대하는 내용을 담고 국회에 제출한 바 있다.    그러나 야당의 반대로 매출액은 5천억원 미만, 공제 한도는 최대 600억원으로 조정됐다.



[그래픽] 역동경제 로드맵 주요 내용(서울=연합뉴스) 김민지 기자 = minfo@yna.co.kr    X(트위터) @yonhap_graphics  페이스북 tuney.kr/LeYN1    encounter24@yna.co.kr
]"
2024-07-03 12:30:00,"[하반기경제정책]정부, 올해 성장률 2.2%→2.6% 상향",https://n.news.naver.com/mnews/article/277/0005440677?sid=101,"[
반도체 수출 호조에 경기 개선 전망정부가 올해 경제성장률 전망치를 당초 2.2%에서 2.6%로 올렸다. 세계적인 인공지능(AI) 수요 확대에 따라 반도체 수출이 호전되면서 한국 경제의 하반기 개선 흐름이 지속될 것으로 내다봤다.



기획재정부는 3일 발표한 ‘2024년 하반기 경제정책방향’에서 올해 경제성장률 전망치를 2.6%로 제시했다. 김병환 기획재정부 제1차관은 “상반기 우리 경제는 1분기 성장률이 전기 대비 1.3% 개선세를 보이는 가운데 물가상승률도 둔화하고 있다”며 “최근 수출 호조세를 고려해 당초 2.2% 성장하는 것에서 2.6%로 상향 조정했다”고 말했다.기재부가 이날 공개한 경제성장률 전망치는 한국개발연구원(KDI·2.2%→2.6%)과 경제협력개발기구(OECD·2.2%→2.6%)가 상향 조정한 전망치와 동일하다. 한국은행이 지난달 발표한 수정 전망치(2.4%)보다는 높게 제시했다. 국내외 주요 경제기관들은 대체로 예상보다 높았던 1분기 경제성장률(1.3%)을 반영해 전망치를 수정했다. 정부도 이에 맞춰 올해 경제성장률 전망치를 올릴 것이라는 전망이 지배적이었다.정부는 반도체 경기가 호전되면서 하반기에도 개선 흐름이 지속될 것으로 내다봤다. 경상수지 또한 당초 500억달러에서 600억달러 흑자로 전망치를 큰 폭으로 높여 잡았다. 김 차관은 “무역수지가 2020년 9월 이후 최대치 흑자를 기록하는 등 빠른 개선세를 보이는 것을 반영해 큰 폭 상향 전망했다”고 설명했다.다만 내수의 회복 속도는 차이가 발생할 것으로 진단했다. 가계 이자 부담이 높은 수준이지만 하반기로 갈수록 물가가 둔화하고, 기업실적이 개선되면서 소비 제약요인은 완화될 것이라고 전망했다. 다만 건설투자는 신규 공사 위축과 부동산 프로젝트파이낸싱(PF) 리스크 등으로 어려운 여건이 지속될 것으로 내다봤다.소비자물가 상승률은 당초와 같은 2.6%를 유지했다. 통계청이 2일 발표한 ‘6월 소비자물가 동향’에 따르면 지난달 소비자물가지수는 전년 같은 달보다 2.4% 상승에 그쳤다. 지난해 7월(2.4%) 이후 11개월 만에 가장 낮은 상승률이다. 김 차관은 “아직은 부문 간 회복 속도에 차이가 있어 하반기에는 경제지표 개선이 보다 넓게 확산하고 체감될 수 있도록 보완이 절실한 부문에 대한 정책 대응에 집중하겠다”고 밝혔다.
]"
2024-07-03 12:30:23,[하반기 경제] 물가안정에 5.6조원…무주택 배우자 청약 소득공제,https://n.news.naver.com/mnews/article/001/0014784905?sid=101,"[
민생안정자금 1조원 투입…실업자 생계비 대부한도 한시 확대중소기업 취업자 소득세 감면 대상도 확대…단통법 폐지 재추진



[연합뉴스 자료사진]    (세종=연합뉴스) 박원희 기자 = 정부가 하반기 물가 안정 기조를 안착시키기 위해 5조6천억원을 투입한다.    민생안정 자금으로는 1조원을 투입하고, 무주택 세대주에게만 적용되는 청약저축 소득공제와 이자소득 비과세 혜택을 무주택 배우자까지 확대하는 방안을 추진한다.    정부는 3일 발표한 하반기 경제정책방향에서 이런 내용의 생계비 경감 대책을 담았다. 물가 관리·생계비 경감에 5.6조원…저소득층 대상 정부양곡 가격 20%↓    정부는 하반기 물가 관리와 생계비 부담을 줄이기 위한 5조6천억원 규모의 지원책을 마련했다.    무·양배추 등의 채소류와 체리·바나나 등의 과일류, 식품 원료인 전지분유·버터밀크 등 총 51개 품목에 할당관세를 적용한다. 총 1천600억원 규모다.    마늘·양파·건고추 1만4천t은 새롭게 비축한다. 과일 계약재배는 확대하고 김 양식장도 개발한다.    저소득층을 대상으로는 정부양곡의 판매 가격을 20% 추가로 인하한다. 정부양곡은 시중 가격의 40%로 판매하는데 이를 9월 신청분부터 더 낮추겠다는 것이다. 대상은 주거·교육급여 수급자와 차상위·한부모 가구 등이다.    농수산물 온라인 도매시장의 거래를 활성화하기 위해 장기 예약거래 등 거래방식을 오는 12월부터 다양화한다.    공공요금은 원가 절감과 생산성 향상 등을 통해 인상 요인을 최소화한다. 인상이 불가피한 경우 시기를 분산하거나 늦춰 물가 부담을 완화한다는 계획이다.    업계의 편법 인상을 방지하고자 한국소비자원 등의 공공 플랫폼을 활용해 정보 제공 범위도 확대한다.    한국소비자단체협의회 등 소비자단체를 중심으로 물가 불안 품목 및 분야에 대한 '물가 감시 리포트'를 매 분기 발표한다.



[연합뉴스 자료사진]  무주택 배우자에도 청약저축 소득공제…中企 근로자 세제혜택 확대    정부는 무주택자 등의 생활안정도 지원한다.    무주택자의 내 집 마련 기회를 늘리기 위해 주택청약종합저축 소득공제 대상을 무주택 배우자로까지 확대한다.    현재 무주택 세대주이면서 총급여액이 7천만원 이하인 근로자는 청약저축 납입액의 40%를 연 300만원까지 근로소득에서 공제받을 수 있다.    소득 등의 요건이 해당하지만, 세대주가 아닌 무주택 배우자는 혜택을 받지 못해 오히려 결혼이 '페널티'로 작용할 수 있다는 지적이 제기돼왔다.    청년우대형 청약저축의 이자소득 비과세 대상도 무주택 배우자로까지 확대한다. 현재는 총급여액이 3천600만원(종합소득 2천600만원) 이하인 무주택 청년 세대주여야 비과세 혜택을 받는다.    이는 법 개정 사항으로 정부는 해당 내용을 담은 개정안을 국회에 제출할 계획이다.



주택청약 안내문 [연합뉴스 자료사진]    중소기업 근로자의 생활 안정을 지원하기 위한 세제 방안도 추진한다.    현재 중소기업에 다니는 청년·고령자·장애인 등과 퇴직한 날로부터 2∼15년 이내 같은 업종에 다시 취직한 경력단절여성이면 취업한 날로부터 3년(청년은 5년)간 소득세의 70%(청년은 90%)를 감면받을 수 있다.    정부는 감면 대상을 경력단절남성으로까지 확대하고 경력단절여성이 혜택을 받기 위해 필요한 조건 중 '동종 업종 재취직' 요건은 폐지한다.    중소기업이 경영성과급을 지급하는 경우 근로자가 받는 소득세 감면과 기업이 받는 소득·법인세 세액공제 혜택은 2027년 말까지 3년 연장하는 방안도 추진한다.    현재 기업은 경영성과급 지급액의 15%를 세액공제 받을 수 있다. 근로자는 성과급 수령액에 대한 소득세를 50% 감면받는다.    중소기업 근로자가 내일채움공제 만기 공제금을 수령할 때 받을 수 있는 소득세 감면 혜택도 2027년 말까지 3년 연장한다. 만기 공제요건은 5년에서 3년으로 줄인다.    정부는 구체적인 공제와 감면 내용을 이달 세법개정안에 담아 법 개정을 추진할 계획이다.



청년내일채움공제 (CG)[연합뉴스TV 제공]  실업자 생계비 대부 한도 확대…단통법 폐지 재추진    기준 중위소득 80% 이하인 실직자와 비정규직, 무급휴직자 등이 받을 수 있는 생계비 대부 한도는 올해 하반기 한시적으로 1인당 1천만원에서 1천500만원으로 확대한다. 이들이 생계 부담 없이 직업훈련에 전념할 수 있도록 하자는 취지다.    공인회계사·보험회계사 등의 국가전문자격 시험을 치르는 기초·차상위계층과 한부모 가정, 장애인 등 취약계층의 응시료 부담을 줄여주기 위해 제도 개선도 추진한다.    불법추심 피해를 본 가족·지인도 무료 법률서비스를 이용할 수 있도록 채무자의 관계인으로까지 채무자 대리인 서비스를 확대한다.    통신비 등 핵심 생계비 부담을 덜어주는 방안도 추진한다.    하반기 중 이동통신 단말장치 유통구조 개선법(단통법)을 폐지하는 방안을 다시 추진한다.    알뜰폰 경쟁력을 높이기 위해 알뜰폰 사업자에 대한 이동통신 서비스 도매대가 인하를 업계와 협의한다.    임대료 부담을 덜어주기 위해 상생임대인 제도는 2026년 말까지 2년 연장한다.



[연합뉴스 자료사진]  민생안정자금 1조원 투입…내년 민생지원 예산 확대 편성    민생안정자금으로는 하반기에 1조원을 투입한다.    소상공인 전기료·융자·대환대출 지원 대상을 확대하고 임금체불 근로자에 융자도 지원한다. 저소득 근로자에게는 생활안정자금도 지원한다.    정부는 아울러 올해 하반기 편성할 내년 민생 예산을 총지출 증가율의 1.5배 수준으로 늘리기로 했다.    국가장학금 확대, 육아휴직급여 인상, 아이돌봄서비스 소득기준 완화, 한부모가족 양육비 선지급제 도입, 이공계 대학원생 대상 연구생활장학금 신설 등을 통해 취약계층에 집중 투자한다는 계획이다.



[그래픽] 2024 하반기 경제정책방향 주요 내용(서울=연합뉴스) 김민지 기자 = minfo@yna.co.kr    X(트위터) @yonhap_graphics  페이스북 tuney.kr/LeYN1    encounter24@yna.co.kr
]"
2024-07-03 00:00:00,"日 새 1만엔 지폐에 한국 경제침탈 주역…""역사 수정 꼼수""",https://n.news.naver.com/mnews/article/003/0012643467?sid=104,"[




[서울=뉴시스] 지난달 30일 외신 등에 따르면 일본은 다음 달부터 1000엔, 5000엔, 1만엔 등 화폐 3종을 교체 발행한다. 일본이 지폐 속 인물을 교체한 것은 2004년이 마지막이었다. (사진=페이스북 갈무리) *재판매 및 DB 금지[서울=뉴시스]최인선 인턴 기자 = 일본이 20년 만에 새 지폐를 유통하는 가운데 가장 큰 단위 화폐인 1만엔권에 일제강점기 경제 침탈의 장본인인 시부사와 에이이치의 초상화가 들어간 것을 두고 논란이 일고 있다.지난달 30일 외신 등에 따르면 일본은 다음 달부터 1000엔, 5000엔, 1만엔 등 화폐 3종을 교체 발행한다. 일본이 지폐 속 인물을 교체한 것은 2004년이 마지막이었다. 당시에는 1000엔권과 5000엔권만 바꿨고 만엔권 인물은 1984년 이후 40년 만에 교체되는 것이다. 이 가운데 일본에서 가장 큰 지폐 단위인 1만엔권에 들어갈 인물에는 시부사와 에이이치로 선정돼 공분이 일고 있다.시부사와 에이이치는 구한말 한반도에 철도를 부설하고 일제 강점기 경성전기 사장을 맡으며 경제 침탈에 앞장선 인물이다. 특히 대한제국 시절 이권 침탈을 위해 한반도에서 첫 근대적 지폐 발행을 주도했다.서경덕 성신여대 교수는 자신의 SNS를 통해 이를 비판했다. 서 교수는 ""1만엔권의 새 얼굴에 시부사와 에이이치가 등장해 한국인들에게 분노를 일으키고 있다""며 ""대한제국에서는 1902년∼1904년 일본 제일은행의 지폐 1원, 5원, 10원권이 발행됐는데, 이 세 종류 지폐 속에 그려진 인물이 바로 당시 제일은행 소유자였던 시부사와 에이이치""라고 지적했다.이어 ""이번 1만엔권의 등장인물은 지난 2019년 아베 정권에서 결정한 것인데, 이를 시정하지 않고 그대로 발행하는 기시다 정권도 문제가 크다""며 ""일제 식민 지배를 받은 한국에 대한 배려가 없을 뿐만 아니라, 역사를 수정하려는 전형적인 꼼수 전략""이라고 비판했다. 그는 ""이들의 이런 행위는 언제쯤 끝이 날까""라고 비판했다.사부사와는 일본 메이지 시대 경제 관료를 거쳐 여러 기업의 설립에 관여해 '일본 자본주의의 아버지'로 불린다. 그는 제1국립은행, 도쿄가스 등 500여개 기업의 설립 및 육성에 관여했다．
]"
2024-07-03 14:08:28,韓경제 역동성 되살린다…기업가치 높이고 소상공인·서민 회복 집중,https://n.news.naver.com/mnews/article/003/0012644892?sid=101,"[
최상목 부총리 하반기 경제정책 방향·역동경제 로드맵 발표""경영부담↓성장·재기 돕는다""…소상공인 지원에 25조 투입역동경제로 서민·중산층시대 구현…3개 분야 10대과제 공개최상목 "" 韓경제 재도약 구조 개혁 착수…근본적 문제 해결""



[서울=뉴시스] 최진석 기자 = 윤석열 대통령이 3일 서울 종로구 청와대 영빈관에서 열린 '하반기 경제정책방향 및 역동경제 로드맵 발표' 행사에서 발언하고 있다. (대통령실통신사진기자단) 2024.07.03. myjs@newsis.com[세종=뉴시스]김동현 기자 = 정부가 올 하반기 한국 경제의 역동성을 되살리기 위해 총력전을 펼친다. 상반기에 뚜렷한 경기 회복세가 나타났지만 내수와 민생이 여전히 어려운 것을 감안해 민생경제 회복을 최우선으로 정책을 운영한다는 목표다. 하반기에는 현장에서 파악된 분야별 애로사항을 바탕으로 ▲소상공인·서민 지원 ▲물가안정 및 생계비 경감 ▲건설투자 활성화 ▲부동산 PF(프로젝트파이낸싱) 제도개선 등을 중점적으로 추진한다는 계획이다. 여기에 우리 경제의 지속가능성을 강화하기 위한 역동경제 로드맵을 병행 추진한다. 역동경제 로드맵은 혁신생태계 강화, 공정한 기회보장, 사회이동성 개선 등 3가지 방향으로 10대 과제를 달성한다는 목표를 세웠다. 정부는 3일 정부서울청사에서 최상목 경제부총리 겸 기획재정부 장관 주재로 관계부처 합동브리핑을 열어 이 같은 내용의 '역동경제 로드맵 및 하반기 경제정책방향'을 발표했다.""경영부담 낮추고 성장·재기 돕는다""…소상공인 지원에 25조 투입정부는 올 하반기 어려움을 겪고 있는 소상공인·자영업자 지원을 위해 약 25조원을 투입한다는 계획이다. 소상공인 맞춤형 지원대책은 ▲경영부담 완화 ▲성장촉진 ▲재기지원 등 크게 3가지 분야로 나눠 진행한다. 경영부담 완화를 위한 금융지원에는 약 14조원이 소요된다. 정책자금 분할상환 지원대상 확대 및 최대 5년까지 기간연장, 5조원 규모의 전환보증을 신설해 보증부 대출 만기 연장, 저금리 대환대출 지원대상 확대 등으로 마련했다.금융지원 3종 세트는 자금을 필요로 하는 소상공인에게 최대한 대출이 이뤄질 수 있도록 지원 대상 완화, 상환 기간 연장, 저금리 대출로 대환 등을 추진한다. 제도 시행에 따른 수혜는 최대 82만명 이상이 될 전망이다. 



[서울=뉴시스] 3일 정부가 발표한 '2024년 하반기 경제정책방향'에 따르면 정부가 폐업하는 소상공인에게 채무조정과 재취업을 원한다. 새출발기금을 40조원 이상으로 확대하고, 점포철거비 지원금을 최대 400만원으로 상향한다. (그래픽=전진우 기자) 618tue@newsis.com성장 촉진은 소상공인이 소기업으로 도약할 수 있도록 제도적 기반을 마련하는데 초점을 뒀다. 소기업으로 사업 규모를 키운 소상공인에게는 소상공인시장진흥공단, 중소벤처기업진흥공단과 연계해 최대 7억원의 정책자금을 지원한다. 또 유망 브랜드 소상공인을 직접 발굴하는 프로그램도 신설한다. 오픈마켓, 위치기반, 라이브커머스, 식품, 패션, 생활·리빙, 뷰티 등 10대 분야에서 고유의 브랜드와 콘텐츠가 있는 소상공인을 발굴해 국내와 해외 진출까지 돕는다. 재기 지원책은 소상공인의 누적된 채무 조정을 위해 새출발기금을 기존 30조원에서 40조원 플러스 알파(α)로 확대하고 폐업한 소상공인의 취업을 지원하기 위한 특화 프로그램을 신설하는 방식으로 진행한다. 재창업을 희망하는 소상공인에 대해서는 전담 프로젝트 매니저(PM)를 일대일로 매칭해 밀착관리를 추진한다는 방침이다. 재창업 사업화에 대해 최대 2000만원(1회), 최대 7개월간 지원한다. 



[서울=뉴시스] 김근수 기자 = 서울 중구 명동 시내의 한 가게 앞에 폐업한 가게 주인이 가게 내부를 바라보고 있다. 2024.07.01. ks@newsis.com 역동경제로 서민·중산층시대 구현…3개 분야 10대과제 공개정부는 한국 경제의 역동성을 되살리기 위해 역동경제 로드맵을 병행 추진한다. 로드맵은 혁신생태계 강화, 공정한 기회보장, 사회이동성 개선 등 3개 분야로 나눠 10대 과제를 통해 추진될 예정이다. 10대 과제는 ▲생산성 높은 경제 시스템 구축 ▲생산요소 활용도 제고 ▲글로벌 네트워크 확장 ▲균등한 기회 ▲정당한 보상 ▲능동적 상생 ▲가계소득·자산확충 ▲핵심 생계비 경감 ▲교육시스템 혁신 ▲약자보호·재기지원 강화 등이다. 생산성 높은 경제 시스템 구축을 위해서 정부는 올 하반기 '벤처투자 활성화 대책'을 마련하고 중소기업 지원을 위한 기업규모별 지원체계 개편 및 유망 중소기업 육성에도 나선다는 계획이다.인공지능(AI)-반도체·양자·바이오 등 3대 핵심기술 투자를 확대해 전방위적 생산성 혁신을 이뤄내고 2035년 글로벌 디지털 경쟁력을 세계 3대 강국 수준으로 끌어올린다는 전략이다. 



[서울=뉴시스]  또 세제지원과 기배구조 개선 등을 통한 기업의 '밸류업(value-up)' 지원도 가속화한다. 배당을 늘린 기업에 대해 증가분에 대한 5% 법인세액을 공제해 주고 해당 기업의 늘어난 배당금에 대해서는 세부담을 덜어줘 자본시장 활성화를 도모한다. 구체적으로 2000만원 미만 금액에 대한 세율은 14%에서 9%로 내리고, 이를 넘는 금액에 대해서는 종합과세 세율과 25% 중 선택할 수 있도록 한다. 세부담은 종전 대비 약 35% 감소할 것으로 전망된다. 노동자들에겐 정당한 보상을 지급하고 기업의 사회저 책임과 연대를 강화하기 위한 방안도 다수 추진한다. 일과 생활의 균형을 맞출 수 있도록 근로 시스템이 선진국형으로 개선하고 하도급대금 연동제 현장 안착 지원 등이 대표적이다. 근로시스템 개선은 ▲휴게시간 선택권 제고방안 마련 ▲휴일제 개선 ▲임금체계 개편 및 임금체불 피해자 지원 강화 유연근무 및 육아지원제도 촉진 등으로 추진된다. 올 하반기 납품대금 연동제의 현장 안착을 위해선 납품대금 연동약정 체결 컨설팅 확대, 연동제 가이드라인 개정·배포, 원 사업자의 부당 계약조건 설정시 계약 무효화 등을 현장에 적용키로 했다.서민 핵심 생계비 경감책은 일반주택 및 특화 임대주택 공급 확대, 빈곤층의 최저생활 보장을 강화하기 위한 생계급여 선전기준 상향, 고령화·맞벌이 가구 증가 등에 따른 사회서비스 개선 등을 본격화한다. 이중 주거 부문의 경우 수도권 주택보급률을 2035년까지 100% 달성한다는 목표를 세웠다. 도심 공공건축물 복합개발을 통해 임대주택 등 최대 5만호를 공급하고 중산층을 위한 장기임대 서비스 10만호 이상을 공급한다는 계획이다.



[서울=뉴시스] 김명원 기자 = 최상목 경제부총리 겸 기획재정부 장관이 3일 서울 종로구 정부서울청사에서 열린 역동경제 로드맵, ’24년 하반기 경제정책방향(소상공인, 자영업자 종합대책) 등에 대한 부처 합동 브리핑에서 기자들의 질문에 답하고 있다. 2024.07.03. kmx1105@newsis.com최상목 "" 韓경제 재도약 구조 개혁 착수…근본적 문제 해결""최상목 경제부총리 겸 기획재정부 장관은 ""지금은 모두가 힘을 모아 민생의 어려움을 해소하는 동시에 우리 경제의 재도약을 위한 구조개혁에 착수해야 할 중요한 시기""라며 ""우리 경제의 근본적 문제를 해결해 국민 삶의 질을 개선하고 경제의 지속가능성을 강화하면서 서민·중산층 시대를 구현하겠다""고 밝혔다.최상목 부총리는 ""소상공인이 당면한 부담을 덜고 구조적 문제를 해소하기 위해 약 25조원 규모의 맞춤형 지원대책을 마련했다""며 ""금융비용과 임대료, 전기료, 인건비 등 고정비 부담 완화를 추진하고 소상공인의 취업과 재창업 등 재기 뒷받침 등의 정책을 추진하겠다""고 약속했다.이와 함께 ""물가 안정과 내수 보강을 위한 정책 대응도 병행하겠다""며 ""5.6조원의 민생예산을 신속 집행해 생계비 부담을 덜고 공공부문 투·융자를 15조원 확대해 건설투자 등 내수를 보강하며 임시투자세액공제, 비수도권 개발부담금 감면 등 내수 활성화 입법도 재추진하겠다""고 말했다. 아울러 ""혁신생태계를 강화해 성장엔진을 재점화하고 주주환원 증가에 대한 법인세 세액공제와배당 증가금액 등에 대한 저율 분리과세를 추진하고, 가업상속공제도 확대하는 등 기업 밸류업을 위한 세제지원을 강화할 것""이라며 ""사회 이동성 개선과 관련해선 가계 소득을 확충하고, 주거·먹거리 등 생계비를 경감해 계층이동 사다리를 복원하겠다""고 설명했다.



[서울=뉴시스] 최진석 기자 = 윤석열 대통령이 3일 서울 종로구 청와대 영빈관에서 열린 '하반기 경제정책방향 및 역동경제 로드맵 발표' 행사에서 발언하고 있다. (대통령실통신사진기자단) 2024.07.03. myjs@newsis.com
]"
2024-07-03 07:07:08,오늘 경제분야 대정부질문…정상 진행될까,https://n.news.naver.com/mnews/article/057/0001827291?sid=100,"[
전날 ""정신나간 국민의힘 의원"" 발언으로 여야 충돌하며 본회의 파행與 ""민주당, 사과해야 본회의 참석""…野 ""사과 안 한다""국회가 오늘(3일) 오후 본회의를 열고 경제 분야 대정부 질문을 진행합니다.



2일 오후 여당 의원이 불참한 가운데 국회에서 본회의가 열리고 있다. / 사진 = 연합뉴스오늘 대정부질문에서 더불어민주당은 최상목 경제부총리 등을 상대로 고물가 등 민생경제 위기와 세수 결손에 따른 재정위기를 집중 지적할 예정입니다.다만 이날 대정부 질문이 정상적으로 진행될지는 미지수입니다. 어제(2일) 정치·외교·통일·안보 분야 대정부질문에서 민주당 김병주 의원이 ""정신 나간 국민의힘 의원들""이라고 말하면서 여야가 충돌했고, 본회의는 결국 파행했습니다. 국민의힘은 김 의원의 사과 없이는 이날 본회의에 참석하기 어렵다고 밝힌 바 있습니다. 반면, 민주당과 김 의원은 사과하지 않겠다는 입장입니다.민주당은 오늘 대정부질문 종료 후 '채해병특검법'의 상정도 재차 추진한다는 방침입니다.채해병특검법은 어제 본회의에서 상정이 불발됐습니다. 특검법이 본회의에 상정될 경우, 국민의힘은 이에 맞서 필리버스터(법안 처리 저지를 위한 무제한 토론) 진행에 나설 것으로 보입니다.
]"
