date,title,link,content,newContent,translated_content,emotion_LABEL_0,emotion_LABEL_1,emotion_LABEL_2,emotion_LABEL_3,emotion_LABEL_4,emotion_LABEL_5
2024-07-04 12:39:50,호남권 메가시티 경제동맹 선언…지역소멸·경제발전 도모,https://n.news.naver.com/mnews/article/003/0012647300?sid=102,"[
김관영·강기정·김영록 시도지사 정읍서 만나7년만에 정책협의회…초광역 교통망 등 논의



[정읍=뉴시스] 김얼 기자 =제12회 호남권 정책협의회가 열린 4일 전북 정읍시 jb금융아우룸캠퍼스에서 김관영 전북특별자치도지사와 강기정 광주광역시장, 김영록 전남도지사가 호남권 메가시티 경제동맹 선언식을 갖고 있다. 2024.07.04. pmkeul@newsis.com [정읍=뉴시스]최정규 기자 = 전북특별자치도, 광주광역시, 전라남도 등 3개 시도가 호남권의 경제 활성화와 상생발전 방안을 논의하기 위해 한자리에 모였다.4일 전북 정읍 JB금융그룹 아우름캠퍼스에서 김관영 전북자치도지사와 강기정 광주시장, 김영록 전남지사가 모두 참석한 가운데 '제12회 호남권 정책협의회'가 열렸다.호남권 정책협의회는 지난 2017년 이후 7년만이다.이번 정책협의회에서는 기존의 전 분야에 걸쳐 협력과제를 발굴·보고하는 방식이 아닌 경제·산업분야를 중심으로 보다 세밀하게 상호협력관계를 다짐하고자 '호남권 메가시티 경제동맹'을 선언하는 자리로 마련됐다.3개 시·도지사는 전국적인 초광역 메가시티 공론화 흐름 속에서 지역소멸의 위기 대응 및 지역 경제발전을 도모하기 위해 '호남권 메가시티 경제동맹'을 결성하는데 뜻을 모았다.선언문에는 3개 시·도간 및 수도권과의 접근성을 강화하기 위해 초광역 교통망을 확충하고, 경제동맹의 핵심인 재생에너지·이차전지·바이오·모빌리티 등 산업분야 신규사업 발굴·협력, 지방소멸 및 지방재정 위기극복, 동학농민혁명 선양 및 5·18정신 헌법전문 수록 등 호남권 정체성 확보, 호남권 메가시티 경제동맹을 위한 초광역 협력체계 구축 등을 효과적으로 실행하기 위해 특별법 제·개정 등 입법 및 국가예산 확보에 상호협력하기로 합의하는 내용이 담겨졌다.특히 호남권의 교통망 확충을 위해 고속도로 남북 2축·3축·4축 노선 중복에 따라 교통정체가 심화되고 고속도로 접근이 취약한 지역이 발생하고 있어 노선 신설 및 조정 등 건의를 통해 호남고속도로 중복구간 및 지·정체 구간 해소와 수도권과의 접근성을 강화해 나가기로 했다.앞으로 호남권 정책협의회는 각 지역의 테크노파크(TP), 연구원 등을 중심으로 광역 SOC, 산업분야 협력 방안과 지방소멸 위기 극복 방안 등을 도출하고, 호남권 메가시티 경제동맹을 더욱 내실 있게 발전시키기 위한 구체적인 실행 방안이 활발하게 논의될 계획이다.또 호남권 시·도간 인사 교류, 해외 호남향우들과 소통 강화, 호남권 관광벨트 구축, 시·도 공연예술단 교류 등 기존 협력과제들도 지속 추진하면서 호남권의 연대 협력사업을 계속 점검해 나갈 예정이다.



[정읍=뉴시스] 김얼 기자 =제12회 호남권 정책협의회가 열린 4일 전북 정읍시 jb금융아우룸캠퍼스에서 김관영 전북특별자치도지사와 강기정 광주광역시장, 김영록 전남도지사를 비롯한 관계자들이 호남권 메가시티 경제동맹 선언식을 갖고 기념촬영을 하고 있다. 2024.07.04. pmkeul@newsis.com 김관영 전북특별자치도지사는 ""이제 광역단체를 넘어 초광역단체간의 연합과 협력이 어느 때보다도 필요한 시점""이라면 호남권이 힘을 모으고 3개 지자체가 서로 강점과 약점을 보완해 나간다면 모두가 상생하고 조금 더 잘 살 수 있는 방법을 의논하는 자리가 될 것이라고 생각한다""고 했다.이어 ""이번에 긴밀하게 실질적으로 소통하고 길을 열었기 때문에 앞으로 더 열심히 한다면 호남권을 넘어 대한민국 전체의 경제협력의 본보기가 될 것이라 생각한다""고 했다.강기정 광주광역시장은 ""인구감소의 큰 이유는 저출산이지만 쏠림의 이유로는 청년들이 좋은 일자리와 문화를 찾아서 수도권으로 몰려가는 것""이라며 ""수도권 1극체계를 깨지 않으면 대한민국의 미래가 어두워진다""고 지적했다.강 시장은 ""수도권 1극체계를 깨고 지방의 경쟁력을 키우는 것이 방점인데 이를 위한 특단의 대책을 마련하기 위해 우리가 모인 이유""라며 ""앞으로 우리도 호남권 메가시티 구축을 위한 그 자리의 시작이고 늦었지만 잘해낼 수 있을 것""이라고 기대했다.김영록 전남도지사는 ""호남의 미래를 열어가기 위해서는 3개 시도가 힘을 합쳐서 새로운 성장 동력을 만들고 연계해 동력을 만들어가야 한다고 생각한다""면서 ""3개 시도가 호남권 경제동맹체를, 더 나아가 경제동맹을 선언한 것은 뜻깊은 시도민들의 염원과 여론을 읽은 동맹선언""이라고 강조했다.김 지사는 ""전북과 전남은 경쟁관계가 아닌 협력관계""라며 ""앞으로 첨단분야에 대해 윈윈 할 수 있는 실무협의회를 구성해서 협력해나가야 한다""고 덧붙였다．
]","김관영·강기정·김영록 시도지사 정읍서 만나7년만에 정책협의회…초광역 교통망 등 논의정읍=뉴시스 김얼 기자 =제12회 호남권 정책협의회가 열린 4일 전북 정읍시 jb금융아우룸캠퍼스에서 김관영 전북특별자치도지사와 강기정 광주광역시장, 김영록 전남도지사가 호남권 메가시티 경제동맹 선언식을 갖고 있다. 2024.07.04. pmkeul@newsis.com 정읍=뉴시스최정규 기자 = 전북특별자치도, 광주광역시, 전라남도 등 3개 시도가 호남권의 경제 활성화와 상생발전 방안을 논의하기 위해 한자리에 모였다.4일 전북 정읍 JB금융그룹 아우름캠퍼스에서 김관영 전북자치도지사와 강기정 광주시장, 김영록 전남지사가 모두 참석한 가운데 '제12회 호남권 정책협의회'가 열렸다.호남권 정책협의회는 지난 2017년 이후 7년만이다.이번 정책협의회에서는 기존의 전 분야에 걸쳐 협력과제를 발굴·보고하는 방식이 아닌 경제·산업분야를 중심으로 보다 세밀하게 상호협력관계를 다짐하고자 '호남권 메가시티 경제동맹'을 선언하는 자리로 마련됐다.3개 시·도지사는 전국적인 초광역 메가시티 공론화 흐름 속에서 지역소멸의 위기 대응 및 지역 경제발전을 도모하기 위해 '호남권 메가시티 경제동맹'을 결성하는데 뜻을 모았다.선언문에는 3개 시·도간 및 수도권과의 접근성을 강화하기 위해 초광역 교통망을 확충하고, 경제동맹의 핵심인 재생에너지·이차전지·바이오·모빌리티 등 산업분야 신규사업 발굴·협력, 지방소멸 및 지방재정 위기극복, 동학농민혁명 선양 및 5·18정신 헌법전문 수록 등 호남권 정체성 확보, 호남권 메가시티 경제동맹을 위한 초광역 협력체계 구축 등을 효과적으로 실행하기 위해 특별법 제·개정 등 입법 및 국가예산 확보에 상호협력하기로 합의하는 내용이 담겨졌다.특히 호남권의 교통망 확충을 위해 고속도로 남북 2축·3축·4축 노선 중복에 따라 교통정체가 심화되고 고속도로 접근이 취약한 지역이 발생하고 있어 노선 신설 및 조정 등 건의를 통해 호남고속도로 중복구간 및 지·정체 구간 해소와 수도권과의 접근성을 강화해 나가기로 했다.앞으로 호남권 정책협의회는 각 지역의 테크노파크(TP), 연구원 등을 중심으로 광역 SOC, 산업분야 협력 방안과 지방소멸 위기 극복 방안 등을 도출하고, 호남권 메가시티 경제동맹을 더욱 내실 있게 발전시키기 위한 구체적인 실행 방안이 활발하게 논의될 계획이다.또 호남권 시·도간 인사 교류, 해외 호남향우들과 소통 강화, 호남권 관광벨트 구축, 시·도 공연예술단 교류 등 기존 협력과제들도 지속 추진하면서 호남권의 연대 협력사업을 계속 점검해 나갈 예정이다.정읍=뉴시스 김얼 기자 =제12회 호남권 정책협의회가 열린 4일 전북 정읍시 jb금융아우룸캠퍼스에서 김관영 전북특별자치도지사와 강기정 광주광역시장, 김영록 전남도지사를 비롯한 관계자들이 호남권 메가시티 경제동맹 선언식을 갖고 기념촬영을 하고 있다. 2024.07.04. pmkeul@newsis.com 김관영 전북특별자치도지사는 ""이제 광역단체를 넘어 초광역단체간의 연합과 협력이 어느 때보다도 필요한 시점""이라면 호남권이 힘을 모으고 3개 지자체가 서로 강점과 약점을 보완해 나간다면 모두가 상생하고 조금 더 잘 살 수 있는 방법을 의논하는 자리가 될 것이라고 생각한다""고 했다.이어 ""이번에 긴밀하게 실질적으로 소통하고 길을 열었기 때문에 앞으로 더 열심히 한다면 호남권을 넘어 대한민국 전체의 경제협력의 본보기가 될 것이라 생각한다""고 했다.강기정 광주광역시장은 ""인구감소의 큰 이유는 저출산이지만 쏠림의 이유로는 청년들이 좋은 일자리와 문화를 찾아서 수도권으로 몰려가는 것""이라며 ""수도권 1극체계를 깨지 않으면 대한민국의 미래가 어두워진다""고 지적했다.강 시장은 ""수도권 1극체계를 깨고 지방의 경쟁력을 키우는 것이 방점인데 이를 위한 특단의 대책을 마련하기 위해 우리가 모인 이유""라며 ""앞으로 우리도 호남권 메가시티 구축을 위한 그 자리의 시작이고 늦었지만 잘해낼 수 있을 것""이라고 기대했다.김영록 전남도지사는 ""호남의 미래를 열어가기 위해서는 3개 시도가 힘을 합쳐서 새로운 성장 동력을 만들고 연계해 동력을 만들어가야 한다고 생각한다""면서 ""3개 시도가 호남권 경제동맹체를, 더 나아가 경제동맹을 선언한 것은 뜻깊은 시도민들의 염원과 여론을 읽은 동맹선언""이라고 강조했다.김 지사는 ""전북과 전남은 경쟁관계가 아닌 협력관계""라며 ""앞으로 첨단분야에 대해 윈윈 할 수 있는 실무협의회를 구성해서 협력해나가야 한다""고 덧붙였다．","In the United States, the United States and the United States, the United States and the United States, the United States, the United States, the United States, the United States, the United States, the United States, the United States, the United States, the United States, the United States, the United States, the United States, the United States, the United States, the United States, the United States, the United States, the United States, the United States, the United States, the United States, the United States, the United States, the United States, the United States, the United States, the United States, the United States, the United States, the United States, the United States, the United States, the United States, the United States, the United States, the United States, the United States, the United States, the United States, the United States, and the United States, the United States, the United States, the United States, and the United States, the United States, the United States, the United States, the United States, the United States, the United States, the United States, the United States, the United States, the United States, the United States, the United States, the United States, the United States, and the United States, and the United States, the United States, and the United States, and the United States, and the United States, and the United States, and the United States, and the United States, the United States, and the United States, the United States, the United States, the United States, and the United States, and the United States, the United States, and the United States, and the United States, and the United States, the United States, and the United States, and the United States, the United States, and the United States, and the United States, and the United States, and the United States, and the United States, and the United States, and the United States, the United States, the United States, and the United States, the United States, the United States, and the United States, the United States, and the United States, and the United States, and the United States, the United States, and the United States, and the United States, and the United States, and the United States, and the United States, and the United States, and the United States, and the United States, and the United States, and the United States, and the United States,",0.11561496555805206,0.4934622645378113,0.07961218059062958,0.17225642502307892,0.08936185389757156,0.049692220985889435
2024-07-03 12:30:00,[하반기경제정책]소상공인 대출 5년 연장...재기 지원에 10兆 더 푼다,https://n.news.naver.com/mnews/article/277/0005440682?sid=101,"[
정부, 2024년 하반기 경방'소상공인·자영업자 지원'에 초점정부가 장기화한 고금리와 경기 부진으로 한계상황에 내몰린 소상공인을 위해 정책자금 대출과 보증부대출의 상환기간을 최대 5년 연장한다. 7% 이상 고금리 대출을 저리로 갈아탈 수 있는 대환 프로그램 대상도 대폭 확대하고, 재기 지원을 위해 추가로 10조원을 투입한다. 3일 기획재정부가 발표한 '하반기 경제정책방향'에는 소상공인·자영업자의 재기 지원과 경영부담 완화 정책들이 담겼다. 김병환 기획재정부 1차관은 ""원리금 상환 등 금융 부담을 덜어낼 수 있도록 정책자금 대출과 보증부 대출의 상환기간을 최대 5년까지 연장하고 7% 이상 고금리 대출의 저금리 대출 전환을 확대하겠다""며 ""임대료·전기료·배달비 등 주요 비용 부담을 완화하기 위해 세제·재정 제도 개선을 과감하게 지원하겠다""고 밝혔다. 



최상목 경제부총리 겸 기획재정부 장관이 26일 서울 종로구 정부서울청사에서 열린 경제관계장관회의에 참석, 발언하고 있다. 사진=조용준 기자 jun21@빚 못 갚는 소상공인 대출 연장…플랫폼 배달료 지원 우선 소상공인 금융지원을 위한 '채무걱정 덜어드림' 3종 세트를 추진한다. 매출 부진과 원재료값 급등 등으로 경영 애로를 겪고 있는 소상공인의 정책자금 상환연장제도 지원대상을 대폭 확대하고 연장 기간도 최대 5년까지 늘린다. 지금까지 이 정책은 업력 3년 이상, 대출잔액 3000만원 이상 기업에만 적용됐었으나, 이 기준을 모두 폐지하기로 했다. 지역신보 보증부 대출 이용 소상공인의 대출상환 기간을 최대 5년 연장하는 방안도 추진한다. 이를 위해 5조원 규모의 전환보증을 신설한다. 또한 고금리 대출을 받은 취약 소상공인들이 저금리 대출로 갈아탈 수 있도록 하는 대환 프로그램 요건도 대폭 완화한다.각종 경영 부담 완화 대책도 마련됐다. 최근 사업주들의 부담을 키우는 플랫폼 배달료의 경우 내년부터 음식점업 등 영세 소상공인에 대해 배달료를 신규 지원하기로 했다. 강기룡 기획재정부 정책조정국장은 ""배달앱 등 대표적인 소상공인 업종에서 경제적 부담이 완화될 수 있는 방안을 관계부처들이 협의해 올 하반기 중 내놓을 것""이라고 밝혔다. 모바일 상품권의 경우에는 민관 협의체를 운영해 수수료 5~10%를 감면하고, 정산 주기를 최대 45일로 단축하는 방안을 논의한다.올해 말 종료 예정인 '착한임대인' 공제 지원 기간을 내년 말까지 1년 연장한다. 착한임대인 세액공제는 임대사업자가 소상공인 임차인의 상가 임대료를 인하하는 경우 인하액의 최대 70%를 소득세나 법인세에서 공제하도록 하는 제도다. 영세 소상공인 전기료 부담경감을 위해 20만원 전기료 지원 대상을 연 매출 3000만원 이하에서 6000만원 이하로 상향, 지원폭을 최대 50만명으로 늘린다.  또한 만성적인 인력난에 시달리는 외식업 분야의 외국인력 고용을 확대하기 위한 방안도 담겼다. 현재 업력 5~7년 이상 한식 음식점 주방 보조원에 한정해 허용되고 있는 고용허가제 근로자(E-9 비자)를 추가로 범위를 확대하는 방안을 검토한다. 소상공인의 인건비 부담 완화를 위해 키오스크 등 스마트 기술 보급 지원을 위한 재정 지원도 늘린다.



가맹점 갑질 손본다…생업 안전망 튼튼히  가맹본부가 과도한 차액을 가맹점으로부터 수취하는 갑질 행태를 개선한다. 우선 가맹사업법 개정을 통해 가맹본부가 '필수품목'에 대한 거래조건을 불리하게 변경할 때 가맹점주와 반드시 협의하도록 의무화한다. 본사와 가맹점 간 수익구조도 개선한다. 본사와 가맹점 간 수익구조를 로열티 방식으로 전환하고, 필수품목을 축소하는 가맹본부에 대해서는 공정거래협약 이행평가 시 인센티브를 부여한다. 노란우산공제 가입 부담을 완화하는 등 생업 안전망도 강화한다. 일종의 소상공인 퇴직금인 노란우산공제금 납입부금에 대해 소득공제 한도를 연간 500만원에서 600만원으로 확대한다. 공제부금 납부유예 인정 사유에 출산을 포함한다. 고용보험의 경우에는 소상공인이 근로복지공단에서 자영업자 고용보험에 가입할 때 보험료 지원도 원스톱으로 신청할 수 있도록 제도를 개선한다. 성장성이 높은 소상공인을 위한 지원책도 제시됐다. 서울 경동시장과 같은 온라인쇼핑이 가능한 디지털 전통시장을 올해 안에 57개 구축하고, 분야별 민간 플랫폼 10개사와 함께 유망 브랜드 소상공인을 직접 발굴하는 '톱스 프로그램'을 내년부터 시행한다. 소상공인이 소기업으로 스케일업할 수 있도록 마일스톤 방식 지원 프로그램을 최대 7억원 규모로 신설한다.폐업 위기에 놓인 소상공인을 지원하는 새출발기금을 현행 30조원에서 40조원 이상으로 확충한다. 새출발기금은 코로나19 팬데믹(세계적 대유행) 사태로 피해를 입은 소상공인들의 빚 부담을 덜어주기 위해 2022년 10월 도입됐다. 채무 15억원까지 원금 70~80%를 감면하거나, 이자를 낮춰주는 방식으로 채무조정을 해준다. 채무조정과 함께 채무조정을 받은 폐업자가 재기에 성공할 수 있도록 고용노동부의 취업교육, 중소벤처기업부의 재창업 사업화 프로그램과 연계하고, 이 교육을 이수했을 때 원금 감면율을 10%포인트 더 상향한다. 마지막으로 소상공인 금융, 취업·창업, 경영안정 등 정부가 준비한 다양한 지원책들을 한 번에 안내받는 원스톱 플랫폼을 구축해 내년 1월부터 가동한다.
]","정부, 2024년 하반기 경방'소상공인·자영업자 지원'에 초점정부가 장기화한 고금리와 경기 부진으로 한계상황에 내몰린 소상공인을 위해 정책자금 대출과 보증부대출의 상환기간을 최대 5년 연장한다. 7% 이상 고금리 대출을 저리로 갈아탈 수 있는 대환 프로그램 대상도 대폭 확대하고, 재기 지원을 위해 추가로 10조원을 투입한다. 3일 기획재정부가 발표한 '하반기 경제정책방향'에는 소상공인·자영업자의 재기 지원과 경영부담 완화 정책들이 담겼다. 김병환 기획재정부 1차관은 ""원리금 상환 등 금융 부담을 덜어낼 수 있도록 정책자금 대출과 보증부 대출의 상환기간을 최대 5년까지 연장하고 7% 이상 고금리 대출의 저금리 대출 전환을 확대하겠다""며 ""임대료·전기료·배달비 등 주요 비용 부담을 완화하기 위해 세제·재정 제도 개선을 과감하게 지원하겠다""고 밝혔다. 최상목 경제부총리 겸 기획재정부 장관이 26일 서울 종로구 정부서울청사에서 열린 경제관계장관회의에 참석, 발언하고 있다. 사진=조용준 기자 jun21@빚 못 갚는 소상공인 대출 연장…플랫폼 배달료 지원 우선 소상공인 금융지원을 위한 '채무걱정 덜어드림' 3종 세트를 추진한다. 매출 부진과 원재료값 급등 등으로 경영 애로를 겪고 있는 소상공인의 정책자금 상환연장제도 지원대상을 대폭 확대하고 연장 기간도 최대 5년까지 늘린다. 지금까지 이 정책은 업력 3년 이상, 대출잔액 3000만원 이상 기업에만 적용됐었으나, 이 기준을 모두 폐지하기로 했다. 지역신보 보증부 대출 이용 소상공인의 대출상환 기간을 최대 5년 연장하는 방안도 추진한다. 이를 위해 5조원 규모의 전환보증을 신설한다. 또한 고금리 대출을 받은 취약 소상공인들이 저금리 대출로 갈아탈 수 있도록 하는 대환 프로그램 요건도 대폭 완화한다.각종 경영 부담 완화 대책도 마련됐다. 최근 사업주들의 부담을 키우는 플랫폼 배달료의 경우 내년부터 음식점업 등 영세 소상공인에 대해 배달료를 신규 지원하기로 했다. 강기룡 기획재정부 정책조정국장은 ""배달앱 등 대표적인 소상공인 업종에서 경제적 부담이 완화될 수 있는 방안을 관계부처들이 협의해 올 하반기 중 내놓을 것""이라고 밝혔다. 모바일 상품권의 경우에는 민관 협의체를 운영해 수수료 5~10%를 감면하고, 정산 주기를 최대 45일로 단축하는 방안을 논의한다.올해 말 종료 예정인 '착한임대인' 공제 지원 기간을 내년 말까지 1년 연장한다. 착한임대인 세액공제는 임대사업자가 소상공인 임차인의 상가 임대료를 인하하는 경우 인하액의 최대 70%를 소득세나 법인세에서 공제하도록 하는 제도다. 영세 소상공인 전기료 부담경감을 위해 20만원 전기료 지원 대상을 연 매출 3000만원 이하에서 6000만원 이하로 상향, 지원폭을 최대 50만명으로 늘린다. 또한 만성적인 인력난에 시달리는 외식업 분야의 외국인력 고용을 확대하기 위한 방안도 담겼다. 현재 업력 5~7년 이상 한식 음식점 주방 보조원에 한정해 허용되고 있는 고용허가제 근로자(E-9 비자)를 추가로 범위를 확대하는 방안을 검토한다. 소상공인의 인건비 부담 완화를 위해 키오스크 등 스마트 기술 보급 지원을 위한 재정 지원도 늘린다.가맹점 갑질 손본다…생업 안전망 튼튼히 가맹본부가 과도한 차액을 가맹점으로부터 수취하는 갑질 행태를 개선한다. 우선 가맹사업법 개정을 통해 가맹본부가 '필수품목'에 대한 거래조건을 불리하게 변경할 때 가맹점주와 반드시 협의하도록 의무화한다. 본사와 가맹점 간 수익구조도 개선한다. 본사와 가맹점 간 수익구조를 로열티 방식으로 전환하고, 필수품목을 축소하는 가맹본부에 대해서는 공정거래협약 이행평가 시 인센티브를 부여한다. 노란우산공제 가입 부담을 완화하는 등 생업 안전망도 강화한다. 일종의 소상공인 퇴직금인 노란우산공제금 납입부금에 대해 소득공제 한도를 연간 500만원에서 600만원으로 확대한다. 공제부금 납부유예 인정 사유에 출산을 포함한다. 고용보험의 경우에는 소상공인이 근로복지공단에서 자영업자 고용보험에 가입할 때 보험료 지원도 원스톱으로 신청할 수 있도록 제도를 개선한다. 성장성이 높은 소상공인을 위한 지원책도 제시됐다. 서울 경동시장과 같은 온라인쇼핑이 가능한 디지털 전통시장을 올해 안에 57개 구축하고, 분야별 민간 플랫폼 10개사와 함께 유망 브랜드 소상공인을 직접 발굴하는 '톱스 프로그램'을 내년부터 시행한다. 소상공인이 소기업으로 스케일업할 수 있도록 마일스톤 방식 지원 프로그램을 최대 7억원 규모로 신설한다.폐업 위기에 놓인 소상공인을 지원하는 새출발기금을 현행 30조원에서 40조원 이상으로 확충한다. 새출발기금은 코로나19 팬데믹(세계적 대유행) 사태로 피해를 입은 소상공인들의 빚 부담을 덜어주기 위해 2022년 10월 도입됐다. 채무 15억원까지 원금 70~80%를 감면하거나, 이자를 낮춰주는 방식으로 채무조정을 해준다. 채무조정과 함께 채무조정을 받은 폐업자가 재기에 성공할 수 있도록 고용노동부의 취업교육, 중소벤처기업부의 재창업 사업화 프로그램과 연계하고, 이 교육을 이수했을 때 원금 감면율을 10%포인트 더 상향한다. 마지막으로 소상공인 금융, 취업·창업, 경영안정 등 정부가 준비한 다양한 지원책들을 한 번에 안내받는 원스톱 플랫폼을 구축해 내년 1월부터 가동한다.","In support of the subsidy subsidy's subsidy subsidy subsidy, the subsidy of the subsidy is understaffed. The subsidy is understaffed and understaffed. The subsidy is understaffed and understaffed. The subsidy is understaffed. The subsidy is understaffed. The subsidy is understaffed and understaffed. The subsidy is understaffed. The subsidy is understaffed.",0.6649572849273682,0.03542524203658104,0.015117723494768143,0.15008144080638885,0.11803735047578812,0.016380976885557175
2024-07-03 12:39:24,"한총리 ""정부 물려받을 때 경제보고 나라 망할 수 있겠다 생각""",https://n.news.naver.com/mnews/article/001/0014784922?sid=100,"[
""방만한 운용으로 거의 파산 수준에 달해""…文정부 재정정책 비판""이제 경제 걱정 덜 해도 될 상황…금리 내려갈 방향밖에 없다""



'하반기 경제정책방향 및 역동경제 로드맵 발표' 참석한 최상목 경제부총리(서울=연합뉴스) 홍해인 기자 = 최상목 경제부총리 겸 기획재정부 장관이 3일 서울 종로구 청와대 영빈관에서 열린 '하반기 경제정책방향 및 역동경제 로드맵 발표' 행사에 참석, 한덕수 국무총리와 인사하고 있다. 2024.7.3 hihong@yna.co.kr(서울=연합뉴스) 곽민서 기자 = 한덕수 국무총리는 3일 우리 경제 상황을 긍정적으로 평가하며 향후 금리 인하 가능성을 언급했다.    한 총리는 이날 윤석열 대통령이 주재한 '하반기 경제정책 방향 및 역동 경제 로드맵 발표' 회의에서 ""이제 국제적으로, 또 국내적으로 우리가 경제 운영에 대해서는 조금 걱정을 덜 해도 될 상황이 됐다""고 말했다.    한 총리는 ""우리 경제를 평가하는 기준이 되는 모든 부분이 이제는 다 정상화가 됐고, 앞으로는 희망이 보인다는 것""이라며 ""지금 성장률은 2.6%로 미국 다음 정도로 가고 있고, 고용은 이제까지 역사 중 가장 높은 수준을 보이고 있다""고 짚었다.    한 총리는 특히 ""금리는 아직도 높지만, 희망적으로 보면 이제 금리는 내려갈 방향밖에 없다고 생각한다""며 ""올해 하반기가 되면 전 세계에 조금 내리는 움직임이 나타나기 시작할 것""이라고 밝혔다.    한 총리는 과거 고금리와 무역수지 적자, 재정수지 악화 등을 언급하며 ""정부 출범 당시 우리가 물려받은 경제를 봤을 때 저는 우리나라가 망할 수도 있겠구나, 그런 생각을 절실하게 했다""고 말했다.    그는 ""우리가 물려받은 경제는 재정을 방만하게 운영해서 적자는 전 세계가 경고하는 수준이었고, 금리는 거의 10배, 3배씩 올랐으니 정상적으로 생각하면 경제가 운영될 수가 없는 그런 상황이었다""고 했다.    또 ""그 전 정부가 국내총생산(GDP)에 대한 국가 부채비율을 대폭 늘려놓았다""며 ""그때 추세대로 가면 우리 정부가 끝나는 2027년엔 부채비율이 70%에 달하는 수준으로, 거의 뱅크럽시(파산) 수준에 달했다""고 지적했다.    이어 ""대통령의 강력한 리더십이 상황을 그래도 정상화한 것""이라며 ""(대통령이) 얼마나 욕을 많이 먹으셨나. 얼마나 힘든 일을 많이 했나. 그러면서도 그 일을 하셨다""고 강조했다.    아울러 ""기업들이 어려운 와중에도 버티고 세계 시장에 나가 연구개발(R&amp;D)을 계속하면서 이제는 우리 경제가 절대로 망하지는 않는다는 확신을 갖게 됐다""고 밝혔다.    그러면서 ""이제는 우리 최고의 리더를 중심으로 뭉쳐서 해나가는 일만 남았다는 말씀을 드리고 싶다""고 덧붙였다.    mskwak@yna.co.kr
]","""방만한 운용으로 거의 파산 수준에 달해""…文정부 재정정책 비판""이제 경제 걱정 덜 해도 될 상황…금리 내려갈 방향밖에 없다""'하반기 경제정책방향 및 역동경제 로드맵 발표' 참석한 최상목 경제부총리(서울=연합뉴스) 홍해인 기자 = 최상목 경제부총리 겸 기획재정부 장관이 3일 서울 종로구 청와대 영빈관에서 열린 '하반기 경제정책방향 및 역동경제 로드맵 발표' 행사에 참석, 한덕수 국무총리와 인사하고 있다. 2024.7.3 hihong@yna.co.kr(서울=연합뉴스) 곽민서 기자 = 한덕수 국무총리는 3일 우리 경제 상황을 긍정적으로 평가하며 향후 금리 인하 가능성을 언급했다. 한 총리는 이날 윤석열 대통령이 주재한 '하반기 경제정책 방향 및 역동 경제 로드맵 발표' 회의에서 ""이제 국제적으로, 또 국내적으로 우리가 경제 운영에 대해서는 조금 걱정을 덜 해도 될 상황이 됐다""고 말했다. 한 총리는 ""우리 경제를 평가하는 기준이 되는 모든 부분이 이제는 다 정상화가 됐고, 앞으로는 희망이 보인다는 것""이라며 ""지금 성장률은 2.6%로 미국 다음 정도로 가고 있고, 고용은 이제까지 역사 중 가장 높은 수준을 보이고 있다""고 짚었다. 한 총리는 특히 ""금리는 아직도 높지만, 희망적으로 보면 이제 금리는 내려갈 방향밖에 없다고 생각한다""며 ""올해 하반기가 되면 전 세계에 조금 내리는 움직임이 나타나기 시작할 것""이라고 밝혔다. 한 총리는 과거 고금리와 무역수지 적자, 재정수지 악화 등을 언급하며 ""정부 출범 당시 우리가 물려받은 경제를 봤을 때 저는 우리나라가 망할 수도 있겠구나, 그런 생각을 절실하게 했다""고 말했다. 그는 ""우리가 물려받은 경제는 재정을 방만하게 운영해서 적자는 전 세계가 경고하는 수준이었고, 금리는 거의 10배, 3배씩 올랐으니 정상적으로 생각하면 경제가 운영될 수가 없는 그런 상황이었다""고 했다. 또 ""그 전 정부가 국내총생산(GDP)에 대한 국가 부채비율을 대폭 늘려놓았다""며 ""그때 추세대로 가면 우리 정부가 끝나는 2027년엔 부채비율이 70%에 달하는 수준으로, 거의 뱅크럽시(파산) 수준에 달했다""고 지적했다. 이어 ""대통령의 강력한 리더십이 상황을 그래도 정상화한 것""이라며 ""(대통령이) 얼마나 욕을 많이 먹으셨나. 얼마나 힘든 일을 많이 했나. 그러면서도 그 일을 하셨다""고 강조했다. 아울러 ""기업들이 어려운 와중에도 버티고 세계 시장에 나가 연구개발(R&amp;D)을 계속하면서 이제는 우리 경제가 절대로 망하지는 않는다는 확신을 갖게 됐다""고 밝혔다. 그러면서 ""이제는 우리 최고의 리더를 중심으로 뭉쳐서 해나가는 일만 남았다는 말씀을 드리고 싶다""고 덧붙였다. mskwak@yna.co.kr","If the economy is less likely to be concerned about the economy, the total economic deficit is still less likely to go down. ""'The economy is still less likely to go down'.' The top economic minister who attends the 'Fifty-Extressive Economy' was still a little bit more likely to go up and down to the top of 'Thirty-tenth-tenth-tenth-tenth-tenth-to-tenth-tenth-tenth-to-tenth-to-tenth' economy.",0.058927349746227264,0.023309634998440742,0.007127647753804922,0.1453496664762497,0.7498092651367188,0.015476424247026443
2024-07-03 10:28:42,"윤 대통령, 경제정책회의…""소상공인 충분히 지원, 현금 살포는 미봉책""",https://n.news.naver.com/mnews/article/055/0001168673?sid=100,"[




▲ '하반기 경제정책방향 및 역동경제 로드맵 발표'에서 발언하는 윤석열 대통령

윤석열 대통령은 오늘(3일) 청와대 영빈관에서 '하반기 경제정책 방향 및 역동 경제 로드맵 발표' 회의를 주재했습니다.

윤 대통령이 경제정책 방향을 논의하는 회의를 주재한 것은 취임 이후 이번이 다섯 번째입니다.

'역동 경제로 서민·중산층 시대 구현'이라는 주제로 열린 회의에서는 하반기 경제정책 방향, 소상공인·자영업자 종합대책과 더불어 성장잠재력 저하·부문 간 격차 확대 등 우리 경제의 구조적 문제 해결을 위한 '역동 경제 로드맵'이 함께 논의됐습니다.

윤 대통령은 모두 발언에서 올해 1분기 경제성장률이 시장 예상을 상회했고, 수출이 9개월 연속 흑자를 기록했으며, 물가도 3개월 연속 2%를 이어가며 안정세를 굳힌 점을 평가했습니다.

또 외국인 투자가 2022년 하반기 이후 순매수로 전환해 올해 상반기까지 약 42조 원 순매수를 보이고 있음을 언급하면서 ""우리 경제에 대한 국제사회의 평가도 개선되고 있다""고 말했습니다.

다만, 양호한 지표와 국제사회의 평가가 민생 활력으로 이어지지 않고 있음을 지적하면서, 경제회복의 온기가 민생현장에 전달되는 시차를 줄이고 민생의 구조적 문제도 해결할 것을 지시했습니다.

특히, 코로나19의 영향을 크게 받은 소상공인이 아직도 어려움을 겪는다는 점을 거론하면서 ""코로나19 시기 소상공인의 영업은 제한하면서도 무분별하고 과도하게 대출을 지원한 것이 지금 소상공인 어려움의 근본적 원인""이라고 지적했습니다.

그러면서 ""도움이 절실한 소상공인을 충분하게 지원하는 한편, 현금 살포와 같은 미봉책이 아니라 구조적이고 항구적인 대책을 함께 추진해야 한다""고 강조했습니다.

윤 대통령의 모두 발언에 이어 최상목 부총리 겸 기획재정부 장관이 하반기 경제정책 방향, 역동 경제 로드맵, 소상공인·자영업자 종합대책을 발표했으며, 헤어 디자이너, 양식당 운영자 등 소상공인이 토론자로 참석해 민생 현장의 어려움을 전했습니다.

회의에는 정부에서 한덕수 국무총리, 방기선 국무조정실장, 한기정 공정거래위원장, 김주현 금융위원장, 성태윤 대통령실 정책실장, 김주현 민정수석, 박춘섭 경제수석, 장상윤 사회수석, 박상욱 과학기술수석 등이 참석했고, 국민의힘에서 황우여 비상대책위원장, 정점식 정책위의장 등이 자리했습니다.

(사진=연합뉴스)
		]","▲ '하반기 경제정책방향 및 역동경제 로드맵 발표'에서 발언하는 윤석열 대통령윤석열 대통령은 오늘(3일) 청와대 영빈관에서 '하반기 경제정책 방향 및 역동 경제 로드맵 발표' 회의를 주재했습니다.윤 대통령이 경제정책 방향을 논의하는 회의를 주재한 것은 취임 이후 이번이 다섯 번째입니다.'역동 경제로 서민·중산층 시대 구현'이라는 주제로 열린 회의에서는 하반기 경제정책 방향, 소상공인·자영업자 종합대책과 더불어 성장잠재력 저하·부문 간 격차 확대 등 우리 경제의 구조적 문제 해결을 위한 '역동 경제 로드맵'이 함께 논의됐습니다.윤 대통령은 모두 발언에서 올해 1분기 경제성장률이 시장 예상을 상회했고, 수출이 9개월 연속 흑자를 기록했으며, 물가도 3개월 연속 2%를 이어가며 안정세를 굳힌 점을 평가했습니다.또 외국인 투자가 2022년 하반기 이후 순매수로 전환해 올해 상반기까지 약 42조 원 순매수를 보이고 있음을 언급하면서 ""우리 경제에 대한 국제사회의 평가도 개선되고 있다""고 말했습니다.다만, 양호한 지표와 국제사회의 평가가 민생 활력으로 이어지지 않고 있음을 지적하면서, 경제회복의 온기가 민생현장에 전달되는 시차를 줄이고 민생의 구조적 문제도 해결할 것을 지시했습니다.특히, 코로나19의 영향을 크게 받은 소상공인이 아직도 어려움을 겪는다는 점을 거론하면서 ""코로나19 시기 소상공인의 영업은 제한하면서도 무분별하고 과도하게 대출을 지원한 것이 지금 소상공인 어려움의 근본적 원인""이라고 지적했습니다.그러면서 ""도움이 절실한 소상공인을 충분하게 지원하는 한편, 현금 살포와 같은 미봉책이 아니라 구조적이고 항구적인 대책을 함께 추진해야 한다""고 강조했습니다.윤 대통령의 모두 발언에 이어 최상목 부총리 겸 기획재정부 장관이 하반기 경제정책 방향, 역동 경제 로드맵, 소상공인·자영업자 종합대책을 발표했으며, 헤어 디자이너, 양식당 운영자 등 소상공인이 토론자로 참석해 민생 현장의 어려움을 전했습니다.회의에는 정부에서 한덕수 국무총리, 방기선 국무조정실장, 한기정 공정거래위원장, 김주현 금융위원장, 성태윤 대통령실 정책실장, 김주현 민정수석, 박춘섭 경제수석, 장상윤 사회수석, 박상욱 과학기술수석 등이 참석했고, 국민의힘에서 황우여 비상대책위원장, 정점식 정책위의장 등이 자리했습니다.(사진=연합뉴스)","This is the fifth and second year of the expansion of the economy, and the second year of the post-conservation and post-conservation of the economy.",0.06732474267482758,0.8370894193649292,0.02559971995651722,0.02966330386698246,0.02958267740905285,0.010740053839981556
2024-07-04 05:40:00,"'韓 경제침탈 주도' 얼굴 박힌 1만엔 신권, 일본에 풀렸다",https://n.news.naver.com/mnews/article/008/0005059304?sid=104,"[
최고액권에 '시부사와 에이이치 초상화' 인쇄 논란20년 만에 새 지폐, 세계 최초 3D 홀로그래피 도입



기시다 후미오(오른쪽) 일본 총리가 3일 일본 도쿄의 일본중앙은행(BOJ)에서 우에다 가즈오 BOJ 총재와 함께 새로 발행한 지폐 3종을 들고 기념 촬영하고 있다. 최고액권인 1만 엔(약 8만6000원)에는 한국 경제 침탈의 주역인 '시부사와 에이이치'의 초상화가 들어가 논란이 일고 있다. 2024.07.03. /AP=뉴시스일본이 20년 만에 새 지폐 발행을 시작했다. 세계 최초로 3D 홀로그래피 기술을 접목해 위조 방지 화폐로 주목을 받은 가운데, 가장 큰 단위 화폐인 1만엔권에는 일제강점기 경제 침탈의 장본인인 시부사와 에이이치의 초상화가 들어가 논란이 인다.3일(현지시간) 니혼게이자이신문(닛케이), NHK방송 등에 따르면 일본은행(BOJ)은 이날부터 1000엔, 5000엔, 1만엔 등 화폐 3종을 교체 발행하기 시작했다고 밝혔다. 일본에서 새로운 디자인의 지폐가 발행된 것은 2004년 이후 20년 만이다. 일본당국은 화폐 위조를 막기 위해 20년마다 새 지폐를 발행한다. 이번에는 세계 최초로 '3D 홀로그래피' 기술이 지폐에 도입돼 주목받았다. 이에 따라 새 지폐에 포함된 인물 사진은 보는 각도에 따라 다르게 보인다. 또 누구나 쉽게 인식할 수 있게 하겠다는 취지로 '유니버설 디자인'을 도입했다. 새 지폐의 숫자는 기존 화폐보다 더 크게 표시돼 저시력자나 외국인 관광객도 쉽게 구별할 수 있을 것이란 기대를 모은다. 고령자가 많은 국가 특성도 반영된 변화다. 시각 장애인이 촉각으로 구분하기 쉽도록 지폐 권종에 따라 다른 위치에 깊은 음각 인쇄도 했다. 이날 각 지역 은행에는 새 지폐를 먼저 구하려는 사람들이 몰려들었다. 새 화폐를 받아 든 사람들은 이를 휴대폰으로 사진 찍어 가족이나 지인에게 보내기도 했다. 사이타마시 주민 마쓰자와씨는 닛케이에 활짝 웃는 얼굴로 지폐를 가리키며 ""하루라도 빨리 아이들에게 보여주고 싶다""고 말했다. 한편 새 화폐 모델 중에는 일제강점기 경제 침탈을 주도한 것으로 평가받는 인물이 포함돼 논란이다. 1만엔권에 초상화가 들어간 시부사와 에이이치는 일본 메이지 시대 경제 관료를 거쳐 일본 다이이치은행, 도쿄가스 등 500여개의 기업 설립과 운영에 관여해 일본에서는 '현대 자본주의의 아버지'로 불린다. 그러나 그는 구한말 한반도에 철도를 부설하고 일제 강점기 경성전기(한국전력의 전신) 사장을 맡는 등 한반도에 대한 경제 침탈을 주도했던 인물로 꼽힌다. 특히 그가 설립한 일본 다이이치은행이 1902~1904년 대한제국에서 발행한 첫 근대적 지폐 3종에 자신의 얼굴이 쓰여 한국에 치욕을 안겼다는 비판을 받아왔다.새 5000엔 지폐에는 '근대 여성 고등 교육의 어머니' 쓰다 우메코, 1000엔에는 '근대 의학의 아버지'로 불리는 기타사토 시바사부로의 초상화가 담겼다.  
]","최고액권에 '시부사와 에이이치 초상화' 인쇄 논란20년 만에 새 지폐, 세계 최초 3D 홀로그래피 도입기시다 후미오(오른쪽) 일본 총리가 3일 일본 도쿄의 일본중앙은행(BOJ)에서 우에다 가즈오 BOJ 총재와 함께 새로 발행한 지폐 3종을 들고 기념 촬영하고 있다. 최고액권인 1만 엔(약 8만6000원)에는 한국 경제 침탈의 주역인 '시부사와 에이이치'의 초상화가 들어가 논란이 일고 있다. 2024.07.03. /AP=뉴시스일본이 20년 만에 새 지폐 발행을 시작했다. 세계 최초로 3D 홀로그래피 기술을 접목해 위조 방지 화폐로 주목을 받은 가운데, 가장 큰 단위 화폐인 1만엔권에는 일제강점기 경제 침탈의 장본인인 시부사와 에이이치의 초상화가 들어가 논란이 인다.3일(현지시간) 니혼게이자이신문(닛케이), NHK방송 등에 따르면 일본은행(BOJ)은 이날부터 1000엔, 5000엔, 1만엔 등 화폐 3종을 교체 발행하기 시작했다고 밝혔다. 일본에서 새로운 디자인의 지폐가 발행된 것은 2004년 이후 20년 만이다. 일본당국은 화폐 위조를 막기 위해 20년마다 새 지폐를 발행한다. 이번에는 세계 최초로 '3D 홀로그래피' 기술이 지폐에 도입돼 주목받았다. 이에 따라 새 지폐에 포함된 인물 사진은 보는 각도에 따라 다르게 보인다. 또 누구나 쉽게 인식할 수 있게 하겠다는 취지로 '유니버설 디자인'을 도입했다. 새 지폐의 숫자는 기존 화폐보다 더 크게 표시돼 저시력자나 외국인 관광객도 쉽게 구별할 수 있을 것이란 기대를 모은다. 고령자가 많은 국가 특성도 반영된 변화다. 시각 장애인이 촉각으로 구분하기 쉽도록 지폐 권종에 따라 다른 위치에 깊은 음각 인쇄도 했다. 이날 각 지역 은행에는 새 지폐를 먼저 구하려는 사람들이 몰려들었다. 새 화폐를 받아 든 사람들은 이를 휴대폰으로 사진 찍어 가족이나 지인에게 보내기도 했다. 사이타마시 주민 마쓰자와씨는 닛케이에 활짝 웃는 얼굴로 지폐를 가리키며 ""하루라도 빨리 아이들에게 보여주고 싶다""고 말했다. 한편 새 화폐 모델 중에는 일제강점기 경제 침탈을 주도한 것으로 평가받는 인물이 포함돼 논란이다. 1만엔권에 초상화가 들어간 시부사와 에이이치는 일본 메이지 시대 경제 관료를 거쳐 일본 다이이치은행, 도쿄가스 등 500여개의 기업 설립과 운영에 관여해 일본에서는 '현대 자본주의의 아버지'로 불린다. 그러나 그는 구한말 한반도에 철도를 부설하고 일제 강점기 경성전기(한국전력의 전신) 사장을 맡는 등 한반도에 대한 경제 침탈을 주도했던 인물로 꼽힌다. 특히 그가 설립한 일본 다이이치은행이 1902~1904년 대한제국에서 발행한 첫 근대적 지폐 3종에 자신의 얼굴이 쓰여 한국에 치욕을 안겼다는 비판을 받아왔다.새 5000엔 지폐에는 '근대 여성 고등 교육의 어머니' 쓰다 우메코, 1000엔에는 '근대 의학의 아버지'로 불리는 기타사토 시바사부로의 초상화가 담겼다. ","According to the New International Post, the first post in Japan to post the New Year's New Year's New Year's New Year's New Year'. According to The New Year's New Year's New Year's New Year'. According to The New Year's New Year's New Year's New Year', Japan's Prime Minister Humio's Central Bank of Tokyo (right) is celebrating three new currency, with a new president of Japan’s Central Japan’s Central Bank. This is the first ever to be added to Japan's largest nation's economy (approximately 803).",0.027444547042250633,0.9023647308349609,0.02887890301644802,0.01697215624153614,0.012416919693350792,0.011922897771000862
2024-07-03 17:00:02,[경제PICK] '7억' 아세안 전기차 시장 잡아라...인니에서 출격,https://n.news.naver.com/mnews/article/052/0002056207?sid=101,"[
			[앵커]경제 이슈를 친절하게 풀어드리는 '경제픽' 시간, 첫 번째 이슈 먼저 보고 오겠습니다.['7억' 아세안 전기차 시장 잡아라…인니에서 출격]인데요.오늘은 현장에 나가 있는 박기완 기자 연결해 소식 알아보겠습니다. 박기완 기자![기자]네, 인도네시아 카라왕 신산업단지입니다.[앵커]네, 아세안 전기차 시장을 잡기 위해 인도네시아에서 어떤 사업이 이뤄지고 있는 겁니까?[기자]네, 제 뒤로 보이는 이 공장에서 인도네시아 최초로 전기차 배터리 셀이 생산됩니다.한국의 완성차 업체인 현대자동차와 배터리 제조업체, LG에너지솔루션이 손을 맞잡아 이뤄진 일입니다.이곳 인도네시아는 세계 1위 니켈 생산 국가인데요.배터리 핵심 광물인 니켈을 이곳 인도네시아에서 직접 조달해서 배터리를 만들고,30분 거리에 위치한 현대차 인도네시아 공장에서 조립을 거쳐 전기차로 탄생하게 됩니다.그러니까 현지에서 전기차 생산의 생태계를 주요 과정을 모두 해결할 수 있게 된 셈입니다.[앵커]인도네시아에도 의미가 클 거 같은데, 우리 기업의 더 큰 전략도 숨어 있다고요?[기자]네, 조코 위도도 인도네시아 대통령은 배터리 셀 공장 준공식에 참석해 기쁨을 감추지 않았습니다.동남아시아에서 최초, 최대의 전기차 배터리 공장이 인도네시아에 완성됐다고 자신감을 드러냈습니다.특히 정의선 현대차그룹 회장의 비전과 용기 덕분이라면서, 한국과의 관계도 더 강화될 것이라고 강조했습니다.한편 현대차 입장에서는 이번 공장 준공이 아세안 전기차 시장 공략의 교두보가 될 것으로 보고 있습니다.아세안에서는 현지에서 생산된 부품 비율이 40%를 넘기면, 다른 9개 나라에 수출할 때도 무관세가 적용되는데요.이 때문에 배터리 셀 공장 현지화로 가격 경쟁력을 높여, 전기차 패권싸움에서 더 유리한 고지를 차지할 수 있을 것으로 기대하고 있습니다.정의선 현대차그룹 회장도 기자들과 만나 소회를 밝히면서 거듭 아세안 진출 의지를 드러냈습니다.직접 들어보시겠습니다.[정의선 / 현대자동차그룹 회장 : 인도네시아 정부의 강력한 지원이 있었습니다. 그래서 많은 일들이, 어려움이 있었지만 또 오늘날이 있게 된 것 같아서 참으로 기쁘게 생각하고…. 인도네시아에서 배터리 셀을 생산하고 자동차를 생산해서 다른 동남아 국가에도 전파할 수 있다는 점에서 큰 의미를 두고 있습니다. 다른 광물 자원도 있어서 그 부분을 잘 이용해서 많은 확장을….]현지 생산 배터리를 탑재한 코나 전기차는 오는 17일부터 인도네시아에 출시돼 소비자들과 만나게 됩니다.지금까지 인도네시아 자카르타에서 YTN 박기완 입니다.촬영기자 ; 이동규※ '당신의 제보가 뉴스가 됩니다'[카카오톡] YTN 검색해 채널 추가[전화] 02-398-8585[메일] social@ytn.co.kr
		]","앵커경제 이슈를 친절하게 풀어드리는 '경제픽' 시간, 첫 번째 이슈 먼저 보고 오겠습니다.'7억' 아세안 전기차 시장 잡아라…인니에서 출격인데요.오늘은 현장에 나가 있는 박기완 기자 연결해 소식 알아보겠습니다. 박기완 기자!기자네, 인도네시아 카라왕 신산업단지입니다.앵커네, 아세안 전기차 시장을 잡기 위해 인도네시아에서 어떤 사업이 이뤄지고 있는 겁니까?기자네, 제 뒤로 보이는 이 공장에서 인도네시아 최초로 전기차 배터리 셀이 생산됩니다.한국의 완성차 업체인 현대자동차와 배터리 제조업체, LG에너지솔루션이 손을 맞잡아 이뤄진 일입니다.이곳 인도네시아는 세계 1위 니켈 생산 국가인데요.배터리 핵심 광물인 니켈을 이곳 인도네시아에서 직접 조달해서 배터리를 만들고,30분 거리에 위치한 현대차 인도네시아 공장에서 조립을 거쳐 전기차로 탄생하게 됩니다.그러니까 현지에서 전기차 생산의 생태계를 주요 과정을 모두 해결할 수 있게 된 셈입니다.앵커인도네시아에도 의미가 클 거 같은데, 우리 기업의 더 큰 전략도 숨어 있다고요?기자네, 조코 위도도 인도네시아 대통령은 배터리 셀 공장 준공식에 참석해 기쁨을 감추지 않았습니다.동남아시아에서 최초, 최대의 전기차 배터리 공장이 인도네시아에 완성됐다고 자신감을 드러냈습니다.특히 정의선 현대차그룹 회장의 비전과 용기 덕분이라면서, 한국과의 관계도 더 강화될 것이라고 강조했습니다.한편 현대차 입장에서는 이번 공장 준공이 아세안 전기차 시장 공략의 교두보가 될 것으로 보고 있습니다.아세안에서는 현지에서 생산된 부품 비율이 40%를 넘기면, 다른 9개 나라에 수출할 때도 무관세가 적용되는데요.이 때문에 배터리 셀 공장 현지화로 가격 경쟁력을 높여, 전기차 패권싸움에서 더 유리한 고지를 차지할 수 있을 것으로 기대하고 있습니다.정의선 현대차그룹 회장도 기자들과 만나 소회를 밝히면서 거듭 아세안 진출 의지를 드러냈습니다.직접 들어보시겠습니다.정의선 / 현대자동차그룹 회장 : 인도네시아 정부의 강력한 지원이 있었습니다. 그래서 많은 일들이, 어려움이 있었지만 또 오늘날이 있게 된 것 같아서 참으로 기쁘게 생각하고…. 인도네시아에서 배터리 셀을 생산하고 자동차를 생산해서 다른 동남아 국가에도 전파할 수 있다는 점에서 큰 의미를 두고 있습니다. 다른 광물 자원도 있어서 그 부분을 잘 이용해서 많은 확장을….현지 생산 배터리를 탑재한 코나 전기차는 오는 17일부터 인도네시아에 출시돼 소비자들과 만나게 됩니다.지금까지 인도네시아 자카르타에서 YTN 박기완 입니다.촬영기자 ; 이동규※ '당신의 제보가 뉴스가 됩니다'카카오톡 YTN 검색해 채널 추가전화 02-398-8585메일 social@ytn.co.kr","It's very important to note that today there's a new generation of anti-electro-electro-instruders in Indonesia, and that's the first time we're going to be able to put together an ICBBCs. It's the first time we're going to be able to get together with an Indonesian company, and we're going to be able to get together with a large sub-servious company. It's the first time we're going to be able to do that in Indonesia, but we're going to be able to be able to do that in Indonesia, and we're going to be able to be able to do this.",0.09496229141950607,0.09438066184520721,0.014871003106236458,0.7490364909172058,0.030379071831703186,0.016370588913559914
2024-07-03 18:04:17,경제 현안은 뒷전…특검법에 멈춰선 국회,https://n.news.naver.com/mnews/article/015/0005005272?sid=100,"[
경제분야 대정부질문 무산野 특검법 먼저 상정하자與, 곧장 필리버스터 돌입고물가·반도체 등 이슈 많은데민주, 정책 점검 기회도 걷어차특검법 4일 표결 후 처리될 듯



추경호 국민의힘 원내대표(오른쪽)와 박찬대 더불어민주당 원내대표(왼쪽)가 3일 국회 본회의에서 우원식 국회의장을 사이에 두고 설전을 벌이고 있다.  연합뉴스경제 분야 대정부질문을 위해 3일 국회 본회의장에 출석한 한덕수 국무총리와 최상목 부총리 겸 기획재정부 장관 등 각료들이 40여분 만에 퇴장했다. 의원들의 질문은 하나도 받지 못했다. 더불어민주당의 해병대원 특검법 처리 강행에 국민의힘이 필리버스터(무제한 토론)로 맞서며 대정부질문 자체가 무산된 데 따른 것이다. “국민은 고금리·고물가로 고통받는데 의원들이 경제 현안을 파악할 최소한의 기회도 걷어찼다”는 비판이 나온다. ○‘강 대 강’으로 맞붙은 여야우원식 국회의장은 이날 대정부질문에 앞서 해병대원 특검법을 우선 상정했다. 전날에는 정치·외교 분야 대정부질문을 끝내고 상정할 예정이었던 순서를 뒤바꾼 것이다. 우 의장은 “이미 국민 60% 이상이 순직 해병대원 특검법 도입이 필요하다는 의견을 주신 만큼 이제 국회가 이 사안을 마무리 지어야 한다”며 “국민 뜻에 따라 유가족의 눈물을 닦아주기 위해 국회의 결단이 필요한 시점”이라고 주장했다.국민의힘 의원들은 즉각 반발했다. 추경호 원내대표는 “왜 민주당이 시키는 대로 의사진행을 하느냐”며 “앞으로 의사일정에 협조할 수 없다”고 했다. 배준영 국민의힘 원내수석부대표는 “(해병대원 특검법을) 첫 번째 안건으로 상정해 대정부질문을 사실상 무산시켰다”며 “21대, 20대 국회에서는 대정부질문 중 법안을 상정해 강행 처리한 전례가 없다. 왜 헌정사를 새로 쓰려고 하냐”고 비판했다. 본회의장에 참석한 여당 의원들도 우 의장을 향해 “사퇴하라”며 목소리를 높였다.법안 상정과 함께 국민의힘의 필리버스터가 시작되면서 우 의장은 한 총리 등 국무위원들을 퇴장시켰다. 이에 국민의힘 의원들은 “국회 박쥐”라며 우 의장을 조롱했다. 첫 번째 무제한 토론 주자로 나선 유상범 국민의힘 의원은 민주당의 해병대원 특검법에 대해 “여야 합의로 특검을 추진해 온 전례를 배제하고 대통령 탄핵의 교두보를 마련하는 법안”이라며 “삼권분립 정신을 정면으로 위배한다”고 비판했다.



3일 국회에서 해병대원 특검법 상정에 이은 필리버스터로 예정됐던 대정부질문이 취소되면서 한덕수 국무총리 등 국무위원들이 본회의장을 떠나고 있다.   강은구 기자 ○대정부질문 이틀째 파행야당은 유 의원의 발언 중 무제한 토론 종결 동의서를 제출하며 국민의힘에 맞불을 놨다. 국회법에 따라 24시간이 지난 뒤 무제한 토론 종결 동의의 건을 무기명 투표로 표결한다. 재적 의원 중 5분의 3인 180명 이상이 찬성할 경우 무제한 토론이 중단된다. 따라서 해병대원 특검법은 4일 표결에 부쳐질 전망이다.다만 정치권 안팎에서는 “위기 상황인데 국회가 정쟁으로 점철되고 있다”는 비판이 크다. 대정부질문은 22대 국회에서 이틀간 파행을 이어가고 있다. 전날 정치·외교·통일·안보 분야 대정부질문은 김병주 민주당 의원의 발언에 여당 의원들이 항의하며 중단됐다. 김 의원이 ‘한·미·일 동맹’ 표현을 지적하며 “정신 나간 국민의힘”이라고 하면서다.이날도 경제 분야 대정부질문이 이뤄지지 못했다. 경제 분야 대정부질문이 파행되면 순서가 밀리지 않고, 바로 다음 순서인 교육·사회·문화 분야 대정부질문이 진행된다. 정치권 한 관계자는 “고물가 등 민생 경제에 영향을 미치는 이슈가 많고 반도체업계에 대한 위기의식도 상당한데 정쟁으로 질문하지 못하는 것이 참담하다”고 했다.
]","경제분야 대정부질문 무산野 특검법 먼저 상정하자與, 곧장 필리버스터 돌입고물가·반도체 등 이슈 많은데민주, 정책 점검 기회도 걷어차특검법 4일 표결 후 처리될 듯추경호 국민의힘 원내대표(오른쪽)와 박찬대 더불어민주당 원내대표(왼쪽)가 3일 국회 본회의에서 우원식 국회의장을 사이에 두고 설전을 벌이고 있다. 연합뉴스경제 분야 대정부질문을 위해 3일 국회 본회의장에 출석한 한덕수 국무총리와 최상목 부총리 겸 기획재정부 장관 등 각료들이 40여분 만에 퇴장했다. 의원들의 질문은 하나도 받지 못했다. 더불어민주당의 해병대원 특검법 처리 강행에 국민의힘이 필리버스터(무제한 토론)로 맞서며 대정부질문 자체가 무산된 데 따른 것이다. “국민은 고금리·고물가로 고통받는데 의원들이 경제 현안을 파악할 최소한의 기회도 걷어찼다”는 비판이 나온다. ○‘강 대 강’으로 맞붙은 여야우원식 국회의장은 이날 대정부질문에 앞서 해병대원 특검법을 우선 상정했다. 전날에는 정치·외교 분야 대정부질문을 끝내고 상정할 예정이었던 순서를 뒤바꾼 것이다. 우 의장은 “이미 국민 60% 이상이 순직 해병대원 특검법 도입이 필요하다는 의견을 주신 만큼 이제 국회가 이 사안을 마무리 지어야 한다”며 “국민 뜻에 따라 유가족의 눈물을 닦아주기 위해 국회의 결단이 필요한 시점”이라고 주장했다.국민의힘 의원들은 즉각 반발했다. 추경호 원내대표는 “왜 민주당이 시키는 대로 의사진행을 하느냐”며 “앞으로 의사일정에 협조할 수 없다”고 했다. 배준영 국민의힘 원내수석부대표는 “(해병대원 특검법을) 첫 번째 안건으로 상정해 대정부질문을 사실상 무산시켰다”며 “21대, 20대 국회에서는 대정부질문 중 법안을 상정해 강행 처리한 전례가 없다. 왜 헌정사를 새로 쓰려고 하냐”고 비판했다. 본회의장에 참석한 여당 의원들도 우 의장을 향해 “사퇴하라”며 목소리를 높였다.법안 상정과 함께 국민의힘의 필리버스터가 시작되면서 우 의장은 한 총리 등 국무위원들을 퇴장시켰다. 이에 국민의힘 의원들은 “국회 박쥐”라며 우 의장을 조롱했다. 첫 번째 무제한 토론 주자로 나선 유상범 국민의힘 의원은 민주당의 해병대원 특검법에 대해 “여야 합의로 특검을 추진해 온 전례를 배제하고 대통령 탄핵의 교두보를 마련하는 법안”이라며 “삼권분립 정신을 정면으로 위배한다”고 비판했다.3일 국회에서 해병대원 특검법 상정에 이은 필리버스터로 예정됐던 대정부질문이 취소되면서 한덕수 국무총리 등 국무위원들이 본회의장을 떠나고 있다. 강은구 기자 ○대정부질문 이틀째 파행야당은 유 의원의 발언 중 무제한 토론 종결 동의서를 제출하며 국민의힘에 맞불을 놨다. 국회법에 따라 24시간이 지난 뒤 무제한 토론 종결 동의의 건을 무기명 투표로 표결한다. 재적 의원 중 5분의 3인 180명 이상이 찬성할 경우 무제한 토론이 중단된다. 따라서 해병대원 특검법은 4일 표결에 부쳐질 전망이다.다만 정치권 안팎에서는 “위기 상황인데 국회가 정쟁으로 점철되고 있다”는 비판이 크다. 대정부질문은 22대 국회에서 이틀간 파행을 이어가고 있다. 전날 정치·외교·통일·안보 분야 대정부질문은 김병주 민주당 의원의 발언에 여당 의원들이 항의하며 중단됐다. 김 의원이 ‘한·미·일 동맹’ 표현을 지적하며 “정신 나간 국민의힘”이라고 하면서다.이날도 경제 분야 대정부질문이 이뤄지지 못했다. 경제 분야 대정부질문이 파행되면 순서가 밀리지 않고, 바로 다음 순서인 교육·사회·문화 분야 대정부질문이 진행된다. 정치권 한 관계자는 “고물가 등 민생 경제에 영향을 미치는 이슈가 많고 반도체업계에 대한 위기의식도 상당한데 정쟁으로 질문하지 못하는 것이 참담하다”고 했다.","In fact, “in the United States, the president of the National Assembly, the president of the National Assembly, the president of the United States, the president of the United States, the president of the United States, the president of the United States, the president of the United States, the president of the United States, the president of the United States, the president of the United States, the president of the United States, the president of the United States, the president of the United States, the president of the United States, the president of the United States, the president of the United States, the president of the United States, the president of the United States, the president of the United States, the president of the United States, the president of the United States of the United States of the United States, the United States of the United States, the United States, the United States of the United States of the United States of the United States, the United States, the United States of the United States of the United States of the United States, the United States, the United States, the United States, the United States, the United States of the United States of the United States of the United States of the United States of the United States, the United States of the United States of the United States of the United States, the United States of the United States, and the United States, the United States, the United States of the United States, the United States of the United States, and the United States, the United States, the United States, the United States of the United States of the United States of the United States, the United States, the United States, the United States, the United States, the United States, the United States, and the United States, and the United States, the United States, the United States, and the United States, and the United States of the United States, the United States, the United States, and the United States, the United States, the United States, the United States, the United States, the United States, the United States, the United States, the United States, the United States, the United States, the United States, the United States, and the United States, the United States, and the United States, and the United States, the United States, the United States, the United States, and the United States, the United States, and the United States, and the United States, and the United States and the United States, and the United States",0.10740044713020325,0.4400671422481537,0.07075134664773941,0.24872349202632904,0.08065588772296906,0.05240168049931526
2024-07-03 06:00:00,송도에 롯데 바이오 생산공장 착공…경제효과 7.6조,https://n.news.naver.com/mnews/article/003/0012643536?sid=101,"[
2030년까지 36만L 생산규모 공장 건설



[세종=뉴시스] 롯데바이오로직스 국내 바이오 플랜트 조감도 (사진=롯데 제공) 2024.07.03. photo@newsis.com *재판매 및 DB 금지[세종=뉴시스]여동준 기자 = 인천 송도에 경제효과 7조6000억원이 기대되는 바이오의약품 생산공장이 들어설 예정이다.산업통상자원부는 3일 강경성 산업부 1차관이 인천 송도에서 개최된 롯데 바이오로직스의 바이오의약품 제조공장 착공식에 참여했다고 밝혔다.산업부는 지난달 27일 바이오 기술·산업의 글로벌 초격차를 확보하기 위해 바이오 첨단전략산업 특화단지 5곳을 지정한 바 있다.롯데 바이오로직스는 이에 부응해 인천 송도에 약 4조6000억원을 들여 바이오의약품 생산공장 구축에 나섰다. 올해부터 오는 2030년까지 총 36만L 생산규모를 가진 바이오의약품 생산공장 3기를 건설할 예정이다.공장 건설·운영으로 인한 경제효과는 7조6000억원, 연계 고용 창출은 3만7000여명에 달할 것으로 예상된다. 롯데 측은 부지 내 바이오 벤처 기업에 대한 입주공간 제공, 산업협력 프로그램 개발 등 벤처기업 육성과 전문 인력 양성에 적극 나설 예정이다.산업부는 최근 바이오 의약품 수출이 전년 대비 8.8% 증가한 74억 달러를 기록하는 등 바이오 분야 투자 효과가 가시적으로 발생되고 있는 만큼, 바이오 분야가 미래 한국 경제의 성장동력으로 자리매김 할 수 있도록 지속 지원할 계획이다．
]","2030년까지 36만L 생산규모 공장 건설세종=뉴시스 롯데바이오로직스 국내 바이오 플랜트 조감도 (사진=롯데 제공) 2024.07.03. photo@newsis.com *재판매 및 DB 금지세종=뉴시스여동준 기자 = 인천 송도에 경제효과 7조6000억원이 기대되는 바이오의약품 생산공장이 들어설 예정이다.산업통상자원부는 3일 강경성 산업부 1차관이 인천 송도에서 개최된 롯데 바이오로직스의 바이오의약품 제조공장 착공식에 참여했다고 밝혔다.산업부는 지난달 27일 바이오 기술·산업의 글로벌 초격차를 확보하기 위해 바이오 첨단전략산업 특화단지 5곳을 지정한 바 있다.롯데 바이오로직스는 이에 부응해 인천 송도에 약 4조6000억원을 들여 바이오의약품 생산공장 구축에 나섰다. 올해부터 오는 2030년까지 총 36만L 생산규모를 가진 바이오의약품 생산공장 3기를 건설할 예정이다.공장 건설·운영으로 인한 경제효과는 7조6000억원, 연계 고용 창출은 3만7000여명에 달할 것으로 예상된다. 롯데 측은 부지 내 바이오 벤처 기업에 대한 입주공간 제공, 산업협력 프로그램 개발 등 벤처기업 육성과 전문 인력 양성에 적극 나설 예정이다.산업부는 최근 바이오 의약품 수출이 전년 대비 8.8% 증가한 74억 달러를 기록하는 등 바이오 분야 투자 효과가 가시적으로 발생되고 있는 만큼, 바이오 분야가 미래 한국 경제의 성장동력으로 자리매김 할 수 있도록 지속 지원할 계획이다．","By 2030, the production of three billion bio-inflicted factories in the United States, or the production of three thousand thousand thousand thousand thousand million bio-inflicted plants, will be built in the next three hundred thousand thousand thousandths of a year, and will be produced in the next three thousand thousand thousand millionths of a year.",0.7553309202194214,0.0768490880727768,0.017098331823945045,0.09350074082612991,0.04746657609939575,0.009754267521202564
2024-07-03 16:19:19,"""매우 환영""…중견·중소·소상공인, '하반기 경제정책' 호평(종합)",https://n.news.naver.com/mnews/article/003/0012645495?sid=101,"[
중견, 종합적인 민생회복 대책 매우 바람직중소, 한국은행서 기준금리 인하 검토 바라소상공인, 과중한 부담 조금이나마 덜어줘



[서울=뉴시스] 김명원 기자 = 최상목 경제부총리 겸 기획재정부 장관이 3일 서울 종로구 정부서울청사에서 열린 역동경제 로드맵, ’24년 하반기 경제정책방향(소상공인, 자영업자 종합대책) 등에 대한 부처 합동 브리핑에서 기자들의 질문에 답하고 있다. 2024.07.03. kmx1105@newsis.com[서울=뉴시스]이승주 기자 = 중견·중소기업계와 소상공인 모두 올해 '하반기 경제정책방향'에 대해 매우 바람직하다며 환영의 뜻을 밝혔다. 정부는 3일 '2024년 하반기 경제정책방향 및 역동경제 로드맵'을 발표하고 소상공인·자영업자 종합대책을 논의했다.중견기업연합회(중견련)는 이날 논평을 통해 ""하반기 경제정책 방향의 현실적인 인식에 적극 공감한다""고 전했다.중견련측은 ▲소상공인·자영업자 애로 해소 금융지원 3종 세트 ▲1조원 규모의 긴급 민생안정자금 투입 ▲물가 관리 및 생계비 부담 경감을 위한 5조6000억원 규모 재원 투여 ▲재난적 의료비 지원 확대 등의 구체적인 대책을 언급하며 ""서민의 삶을 뒷받침하고 수출과 내수를 활성화함으로써 경제 전반의 활력을 끌어올리는 효과를 발휘할 것으로 기대한다""고 말했다.'역동경제 로드맵'에 대해서는 ""현재 2%대 초반에 불과한 잠재성장률 하락 추세에 대응하고, 무너진 사회이동성을 강화하기 위해 혁신과 변화의 필요성을 명확히 적시했다""며 상당히 바람직하다고 입장을 밝혔다.특히 역동경제 로드맵을 통해 성장할수록 오히려 증가하는 '규제의 실효성'을 재검토하고, 성장단계별 맞춤형 지원으로 중견·대기업의 일자리를 2035년까지 연평균 4% 이상 증가한 800만개 이상으로 끌어올리기로 한 것을 두고도 긍정적인 평가가 이어졌다.또 중견련 관계자는 ""기업 성장사다리 구축, 디지털 대전환, 자본시장 선진화, 기업 투자유치제도 전면 개편 등 신통상정책을 추진키로 한 조치는 지속가능한 성장의 근간으로서 보다 건강한 대내·외 혁신생태계를 조성하는 데 실질적으로 기여할 수 있을 것이다""고 말했다.중견기업계는 ""올해 하반기 경제정책이 실효를 거둘 수 있도록 현장의 폭넓은 의견을 기반으로 정부, 국회와 긴밀히 소통하겠다""고 전했다.  중소기업계도 마찬가지로 정부의 하반기 경제정책방향을 환영한다는 입장을 밝혔다.중소기업중앙회(중기중앙회)는 이날 입장문을 통해 ""'소상공인·자영업자 종합대책'의 신속한 추진을 통해 금융지원 등 경영부담을 완화하고, 재기지원을 강화하는 것은 민생경제 안정을 위해 큰 도움이 될 것이다""고 평가했다. 특히 ""노란우산공제 소득공제 확대와 자영업자 고용보험 가입 지원으로 사회안전망이 강화되고, 중소기업 취업자 소득세 감면대상 확대와 경영성과급 세액공제 일몰연장 등을 통해 중소기업 근로자의 소득이 확대되기를 기대한다""고 밝혔다.다만 ""정부의 민생안정 정책효과가 극대화되기 위해서는 통화정책이 병행되어야 하는 만큼 한국은행 금융통화위원회에서 기준금리 인하를 전향적으로 검토하길 바란다""고 당부했다.중소기업계는 ""투자 확대와 일자리 창출을 통해 민생안정과 경기 회복을 위해 최선의 노력을 다할 것이다""고 덧붙였다.소상공인연합회(소공연) 또한 이날 논평을 내고 이번 정부의 종합대책 마련을 매우 긍정적으로 평가했다.소공연은 ""소상공인은 엔데믹 후에도 경기 침체와 소비심리 위축 등의 영향으로 경영 여건 개선이 요원한 상태에 처해있다""며 ""그동안 소상공인의 부담을 경감할 수 있는 지원책 마련의 필요성을 주장해 왔다""고 운을 뗐다. 이에 ""중소벤처기업부를 비롯한 관계기관간 범부처 차원의 협력으로 이번 종합대책이 마련된 것을 매우 긍정적으로 평가하는바""라며 ""이번 종합대책이 경영위기에 빠진 소상공인의 과중한 부담을 조금이나마 덜어주는 결과로 이어지길 기대한다""고 전했다. 아울러 ""소상공인 역시 정부의 지원대책이 실효적인 성과로 이어질 수 있도록 자체적인 경영 개선 노력을 병행해 경쟁력과 자생력을 키우고, 민생경제의 근간으로써 국가 경제 발전에 일조할 수 있도록 최선을 다하겠다""고 말했다．
]","중견, 종합적인 민생회복 대책 매우 바람직중소, 한국은행서 기준금리 인하 검토 바라소상공인, 과중한 부담 조금이나마 덜어줘서울=뉴시스 김명원 기자 = 최상목 경제부총리 겸 기획재정부 장관이 3일 서울 종로구 정부서울청사에서 열린 역동경제 로드맵, ’24년 하반기 경제정책방향(소상공인, 자영업자 종합대책) 등에 대한 부처 합동 브리핑에서 기자들의 질문에 답하고 있다. 2024.07.03. kmx1105@newsis.com서울=뉴시스이승주 기자 = 중견·중소기업계와 소상공인 모두 올해 '하반기 경제정책방향'에 대해 매우 바람직하다며 환영의 뜻을 밝혔다. 정부는 3일 '2024년 하반기 경제정책방향 및 역동경제 로드맵'을 발표하고 소상공인·자영업자 종합대책을 논의했다.중견기업연합회(중견련)는 이날 논평을 통해 ""하반기 경제정책 방향의 현실적인 인식에 적극 공감한다""고 전했다.중견련측은 ▲소상공인·자영업자 애로 해소 금융지원 3종 세트 ▲1조원 규모의 긴급 민생안정자금 투입 ▲물가 관리 및 생계비 부담 경감을 위한 5조6000억원 규모 재원 투여 ▲재난적 의료비 지원 확대 등의 구체적인 대책을 언급하며 ""서민의 삶을 뒷받침하고 수출과 내수를 활성화함으로써 경제 전반의 활력을 끌어올리는 효과를 발휘할 것으로 기대한다""고 말했다.'역동경제 로드맵'에 대해서는 ""현재 2%대 초반에 불과한 잠재성장률 하락 추세에 대응하고, 무너진 사회이동성을 강화하기 위해 혁신과 변화의 필요성을 명확히 적시했다""며 상당히 바람직하다고 입장을 밝혔다.특히 역동경제 로드맵을 통해 성장할수록 오히려 증가하는 '규제의 실효성'을 재검토하고, 성장단계별 맞춤형 지원으로 중견·대기업의 일자리를 2035년까지 연평균 4% 이상 증가한 800만개 이상으로 끌어올리기로 한 것을 두고도 긍정적인 평가가 이어졌다.또 중견련 관계자는 ""기업 성장사다리 구축, 디지털 대전환, 자본시장 선진화, 기업 투자유치제도 전면 개편 등 신통상정책을 추진키로 한 조치는 지속가능한 성장의 근간으로서 보다 건강한 대내·외 혁신생태계를 조성하는 데 실질적으로 기여할 수 있을 것이다""고 말했다.중견기업계는 ""올해 하반기 경제정책이 실효를 거둘 수 있도록 현장의 폭넓은 의견을 기반으로 정부, 국회와 긴밀히 소통하겠다""고 전했다. 중소기업계도 마찬가지로 정부의 하반기 경제정책방향을 환영한다는 입장을 밝혔다.중소기업중앙회(중기중앙회)는 이날 입장문을 통해 ""'소상공인·자영업자 종합대책'의 신속한 추진을 통해 금융지원 등 경영부담을 완화하고, 재기지원을 강화하는 것은 민생경제 안정을 위해 큰 도움이 될 것이다""고 평가했다. 특히 ""노란우산공제 소득공제 확대와 자영업자 고용보험 가입 지원으로 사회안전망이 강화되고, 중소기업 취업자 소득세 감면대상 확대와 경영성과급 세액공제 일몰연장 등을 통해 중소기업 근로자의 소득이 확대되기를 기대한다""고 밝혔다.다만 ""정부의 민생안정 정책효과가 극대화되기 위해서는 통화정책이 병행되어야 하는 만큼 한국은행 금융통화위원회에서 기준금리 인하를 전향적으로 검토하길 바란다""고 당부했다.중소기업계는 ""투자 확대와 일자리 창출을 통해 민생안정과 경기 회복을 위해 최선의 노력을 다할 것이다""고 덧붙였다.소상공인연합회(소공연) 또한 이날 논평을 내고 이번 정부의 종합대책 마련을 매우 긍정적으로 평가했다.소공연은 ""소상공인은 엔데믹 후에도 경기 침체와 소비심리 위축 등의 영향으로 경영 여건 개선이 요원한 상태에 처해있다""며 ""그동안 소상공인의 부담을 경감할 수 있는 지원책 마련의 필요성을 주장해 왔다""고 운을 뗐다. 이에 ""중소벤처기업부를 비롯한 관계기관간 범부처 차원의 협력으로 이번 종합대책이 마련된 것을 매우 긍정적으로 평가하는바""라며 ""이번 종합대책이 경영위기에 빠진 소상공인의 과중한 부담을 조금이나마 덜어주는 결과로 이어지길 기대한다""고 전했다. 아울러 ""소상공인 역시 정부의 지원대책이 실효적인 성과로 이어질 수 있도록 자체적인 경영 개선 노력을 병행해 경쟁력과 자생력을 키우고, 민생경제의 근간으로써 국가 경제 발전에 일조할 수 있도록 최선을 다하겠다""고 말했다．","In addition, the U.S.'E.E.E.E.'Exercise International's Over-Exercise International Fund for Over-Exercisive Reservation · Global Voices.",0.1314721554517746,0.6947495341300964,0.029818745329976082,0.05936015024781227,0.06737520545721054,0.017224224284291267
2024-07-04 10:48:09,2분기 한국 경제성장률 ‘0%’ ‘0.1%’ 전망 많아,https://n.news.naver.com/mnews/article/023/0003844157?sid=101,"[
										한국 경제가 지난 2분기(4~6월) 전기 대비 0% 안팎 성장에 그쳤을 것이란 분석이 나온다. 1분기 ‘깜짝 성장(전기 대비 1.3%)’으로 인한 기저효과 때문이기도 하다.우리금융경영연구소는 최근 발간한 ‘금융시장 브리프’에서 올해 2분기 실질 국내총생산(GDP) 성장률 전망치를 직전 분기 대비 0%로 제시했다. 한국은행 또한 지난 5월 말 경제전망을 통해 올해 GDP 성장률 전망치를 2.1%에서 2.5%로 높이면서 올해 상반기에 전년 동기 대비 2.9% 성장할 것으로 전망했다. 지난 1분기 GDP 성장률 잠정치(1.3%)를 토대로 역산하면 한은은 2분기 성장률을 0.2% 정도로 보고 있다는 계산이 나온다.해외 투자은행(IB)들의 전망도 다르지 않다. 국제금융센터에 따르면 최근 주요 IB와 증권사를 포함한 총 16개 기관은 2분기 한국의 GDP 성장률을 전기 대비 평균 0.1%로 전망했다. 씨티(-0.1%), SC(-0.1%), HSBC(-0.2%)는 역성장한다고 보기도 했다.



산업통상자원부는 6월 수출이 전년보다 5.1% 증가하며 9개월 연속 플러스 기조를 이어갔다고 밝혔다. 1일 부산 남구 신선대 부두에서 컨테이너 선적 및 하역 작업이 진행되고 있다./뉴시스										해외 기관들은 고금리 장기화가 내수를 압박해 성장률을 끌어내릴 것이라는 전망을 많이 내놓았다. “긴축적인 통화 정책이 가계의 구매력과 건설사 자금 조달 능력에 부담으로 작용하면서 소비 심리 약화, 주택 수요 부진이 지속될 우려가 있다”(HSBC), “가계 소득 증가가 둔화하는 상황에서 높은 금융 부담이 민간 소비를 억제하는 요인으로 크게 작용할 것”(노무라) 등의 분석이 주를 이뤘다.6월까지 수출이 9개월 연속 증가 추세를 보이는 등 호조세이기 때문에, 2분기 성장률 수치가 0%를 넘어설지 밑돌지는 내수 경기가 결정할 것이란 시각이 많다. 한국은행은 오는 25일 2분기 GDP 성장률 속보치를 발표한다.
]","한국 경제가 지난 2분기(4~6월) 전기 대비 0% 안팎 성장에 그쳤을 것이란 분석이 나온다. 1분기 ‘깜짝 성장(전기 대비 1.3%)’으로 인한 기저효과 때문이기도 하다.우리금융경영연구소는 최근 발간한 ‘금융시장 브리프’에서 올해 2분기 실질 국내총생산(GDP) 성장률 전망치를 직전 분기 대비 0%로 제시했다. 한국은행 또한 지난 5월 말 경제전망을 통해 올해 GDP 성장률 전망치를 2.1%에서 2.5%로 높이면서 올해 상반기에 전년 동기 대비 2.9% 성장할 것으로 전망했다. 지난 1분기 GDP 성장률 잠정치(1.3%)를 토대로 역산하면 한은은 2분기 성장률을 0.2% 정도로 보고 있다는 계산이 나온다.해외 투자은행(IB)들의 전망도 다르지 않다. 국제금융센터에 따르면 최근 주요 IB와 증권사를 포함한 총 16개 기관은 2분기 한국의 GDP 성장률을 전기 대비 평균 0.1%로 전망했다. 씨티(-0.1%), SC(-0.1%), HSBC(-0.2%)는 역성장한다고 보기도 했다.산업통상자원부는 6월 수출이 전년보다 5.1% 증가하며 9개월 연속 플러스 기조를 이어갔다고 밝혔다. 1일 부산 남구 신선대 부두에서 컨테이너 선적 및 하역 작업이 진행되고 있다./뉴시스해외 기관들은 고금리 장기화가 내수를 압박해 성장률을 끌어내릴 것이라는 전망을 많이 내놓았다. “긴축적인 통화 정책이 가계의 구매력과 건설사 자금 조달 능력에 부담으로 작용하면서 소비 심리 약화, 주택 수요 부진이 지속될 우려가 있다”(HSBC), “가계 소득 증가가 둔화하는 상황에서 높은 금융 부담이 민간 소비를 억제하는 요인으로 크게 작용할 것”(노무라) 등의 분석이 주를 이뤘다.6월까지 수출이 9개월 연속 증가 추세를 보이는 등 호조세이기 때문에, 2분기 성장률 수치가 0%를 넘어설지 밑돌지는 내수 경기가 결정할 것이란 시각이 많다. 한국은행은 오는 25일 2분기 GDP 성장률 속보치를 발표한다.","According to a recent estimate, the Korean economy will have stopped the growth of the upper half of the upper half of the upper half of the upper half of the upper half of the upper half of the upper half of the upper half of the upper half of the upper half of the upper half of the upper half of the upper half of the upper half of the upper half of the upper half of the upper half of the upper half of the upper half of the upper half of the United States (U.S.",0.7571303248405457,0.09546155482530594,0.01354548241943121,0.07326872646808624,0.04810279607772827,0.012491155415773392
2024-07-03 12:30:23,[하반기 경제] 소상공인 금융지원 '3종 세트'…배달·전기료도 지원,https://n.news.naver.com/mnews/article/001/0014784906?sid=101,"[
정책자금 상환 연장 지원 대상 대폭 확대…고금리→저금리 대환대출 요건 완화음식점 등 영세 소상공인 배달료 지원…전기료 혜택 대상 소상공인 50만명 더 늘어나프랜차이즈 필수품목 확대시 가맹점주 협의 의무화…온누리상품권 사용처 대폭 확대 



자영업자 은행 연체율 11년 만에 최고(서울=연합뉴스) 한상균 기자 = 9일 서울 시내 한 폐업 상점에 각종 고지서가 쌓여 있다.    이날 금융감독원에 따르면 개인사업자대출 연체율이 2012년 12월(0.64%) 이후 가장 높은 수준으로 치솟았다. 2024.6.9 xyz@yna.co.kr    (서울=연합뉴스) 박상돈 기자 = 정부가 소상공인 비용 부담을 줄여주기 위해 정책자금 상환 연장, 전환보증, 대환대출 등의 금융 지원 '3종 세트' 정책을 추진한다. 영세 소상공인에게 배달료를 지원하고, 추가로 영세 소상공인 최대 50만명에게도 전기료 혜택을 주기로 했다.      또 앞으로 프랜차이즈 가맹본부가 필수품목을 늘리거나 가격을 올릴 때는 반드시 소상공인 가맹점주와 협의해야 한다. 전통시장과 골목형 상점가에서 쓸 수 있는 온누리상품권은 사용처가 대폭 늘어나 오는 9월부터 스포츠학원, 노래방, 병원, 동물병원 등에서도 사용할 수 있게 된다.     정부는 3일 부처 합동으로 이런 내용을 담은 '소상공인·자영업자 종합대책'을 발표했다. 



1년새 50% 증가한 자영업자 대출 연체금액(서울=연합뉴스) 김성민 기자 = 경기 부진 등을 대출로 버텨온 자영업자들이 갚지 못한 대출 규모가 1년 사이 50% 이상 늘어났다. 특히 사업 경험이나 자산이 상대적으로 적은 20·30대 젊은 자영업자들의 연체율이 가장 빨리 증가했다. 신용평가기관 나이스평가정보의 '개인사업자 가계·기업대출 현황 자료에 따르면 개인사업자 335만8천499명의 연체금액(3개월이상 연체 기준)은 18조2천941억원에서 27조3천833억원으로 9조892억원(49.7%)이나 급증했고, 평균 연체율도 1.69%에서 2.47%로 약 0.8%포인트(p) 뛰었다.     사진은 4일 오전 서울 서초구 교대역에 채무 상환 관련 광고가 붙어 있다. 2024.3.4 ksm7976@yna.co.kr  소상공인 정책자금 상환 연장…고금리 대환대출 요건 완화    내달부터 정책자금 상환 연장 지원 대상 소상공인이 대폭 확대되고 연장 기간도 최대 5년까지 늘어난다. 지원 기준에서 업력 3년 이상, 대출 잔액 3천만원 이상 등의 요건이 폐지된다.     상환 연장 시 적용되는 금리도 '정책자금 기준금리+0.6%포인트'에서 '기존 이용금리+0.2%포인트'로 개선된다.    또 지역신용보증재단 보증부대출을 이용하는 소상공인 대출 상환 기간 연장을 위해 5조원 규모의 전환보증이 신설된다.     은행·비은행권의 7% 이상 고금리 대출을 저금리 대출로 대환하기 위해 소상공인시장진흥공단이 5천억원 규모로 진행하는 프로그램 요건은 내달부터 대폭 완화된다.    신용도가 NCB 개인신용평점 839점 이하에서 919점 이하로 완화되고 대출 시점은 지난해 8월 31일에서 대책이 발표된 이날 이전으로 변경된다. 대출 유형도 사업자대출에서 사업 용도 가계대출까지 포함하는 것으로 변경된다.     한도 3천만원의 저신용 소상공인 정책자금 지원 대상의 신용도는 NCB 744점 이하에서 839점 이하로 하향 조정돼 지원 대상이 늘어나고 올해 지원 금액은 4천억원에서 6천억원으로 2천억원 추가된다.    외식업계 부담 완화를 위해 농산물 구매자금 융자 금리를 1%포인트 인하하는 방안도 추진된다.



소상공인, 전기요금 최대 20만원 지원받는다(서울=연합뉴스) 임화영 기자 = 영세 소상공인들은 정부가 마련한 최대 20만원 전기요금 특별지원을 오는 21일부터 온라인에서 순차적으로 신청해 받을 수 있게 됐다.    지원 대상은 공고일 기준 활동 중이고 연 매출이 3천만원 이하이며 사업장용 전기요금(주거용 등 제외)을 부담하는 개인·법인사업자다.    사진은 14일 서울 시내의 한 전통시장에서 장사 중인 상인. 2024.2.14 hwayoung7@yna.co.kr  영세 소상공인 배달료 지원…전기료 혜택 대상 50만명 더 늘어나     소상공인의 배달료와 임대료, 전기료, 인건비, 관리비 등 5대 고정비용 부담을 완화하기 위한 정책도 추진된다.    정부는 내년부터 음식업 등 영세 소상공인을 대상으로 배달료 신규 지원을 추진하고 배달앱·숙박앱 등 플랫폼 사업자와 입주업체 간의 상생과 부담 완화를 위한 논의를 촉진하기로 했다.    또 소상공인에게 임대료를 인하해준 임대인에 대해 인하액의 최대 70%를 세액공제해 주는 세제지원 일몰을 올해 말에서 내년 말로 연장하고 국유재산 사용료 감면 지원 기간도 내년 말까지 1년 연장한다.    전기료 지원 기준이 현재 연 매출 3천만원 이하에서 6천만원 이하로 완화되면서 최대 50만명이 20만원의 전기료를 지원받게 됐다.     인건비 부담 완화를 위해서는 키오스크와 서빙 로봇 등 자동화 스마트기기를 약 6천개 지원하고 지난 4월부터 시행 중인 음식점업 주방 보조원 E-9 비자 시범사업 평가를 토대로 하반기에 외국인 고용 허가 범위를 확대하는 것을 검토한다.    이와 함께 관리비 부과의 투명성 확보를 위해 개정된 상가임대차 표준 계약서를 적극적으로 활용하도록 유도할 계획이다. 



[그래픽] 소상공인 종합 지원대책 주요 내용(서울=연합뉴스) 김영은 기자 = 0eun@yna.co.kr    X(트위터) @yonhap_graphics  페이스북 tuney.kr/LeYN1



전통시장 온누리상품권 사용처 대폭 확대(서울=연합뉴스) 임화영 기자 = 전통시장 신용카드 사용분에 대한 소득공제율이 상향 조정되고 전통시장에서 쓸 수 있는 온누리상품권 사용처가 대폭 확대된다.     24일 정부와 소상공인 업계에 따르면 중소벤처기업부는 전통시장 및 상점가에서 사용할 수 있는 온누리상품권 사용처를 대폭 확대하기 위해 전통시장법 시행령 개정 작업을 진행 중이다.     중기부는 소상공인 지원을 위해 유흥업소 등 일부 업종을 제외한 나머지 모든 가맹점에서 온누리상품권을 사용할 수 있도록 할 계획이다.     전통시장 신용카드 사용분에 대한 소득공제율을 현행 40%에서 80%로 상향 조정하는 조세특례제한법 개정도 다시 추진된다.    사진은 24일 서울 시내의 한 전통시장 상점에 게시된 온누리상품권 가맹점 안내문. 2024.6.24 hwayoung7@yna.co.kr  프랜차이즈 필수품목 확대 시 가맹점주와 협의 의무화     소상공인의 경영 환경 개선을 위해 프랜차이즈의 필수품목 관련 제도도 개선된다.     프랜차이즈 가맹본부가 필수품목 확대·가격 인상 등 거래조건을 가맹점주에게 불리하게 변경할 경우 의무적으로 가맹점주와 협의를 거치도록 했다. 필수품목을 축소한 가맹본부에는 공정거래 협약 이행 평가 시 기존보다 가점을 더 부여해 인센티브를 제공한다.     또 소상공인도 비축물자를 팔 수 있도록 해 비축 농산물은 시장과 슈퍼까지, 수산물은 슈퍼까지 각각 공급한다.     소상공인을 위한 공제 제도인 '노란우산' 납입부금에 대한 소득공제 한도는 연간 최대 500만원에서 600만원으로 상향 조정된다. 내년부터 노란우산 공제 무이자 대출 및 공제부금 납부유예 인정 사유에는 '출산'이 추가된다.     온누리상품권 사용처도 오는 9월부터 대폭 확대된다.     온누리상품권 가맹 제한 업종이 40종에서 28종으로 축소돼 전통시장과 골목형상점가에 있는 스포츠학원, 노래방, 병원(한방·치과), 동물병원 등에서도 온누리상품권을 사용할 수 있게 된다. 골목형상점가 사용처는 지난해 182개에서 오는 2027년까지 300개로 확대할 계획이다.    아울러 관광 활성화를 통한 소상공인 매출을 확대하기 위해 추석 기간 비수도권을 대상으로 숙박쿠폰 20만장을 추가 발행한다.      쇠퇴 도심 활성화를 위해 도시재생씨앗융자 대상에 내년 상가복합주택을 허용하고 올해 하반기에는 업종 제한을 완화하는데 생맥주 전문점과 스크린 야구장 등이 허용된다.    하반기에는 '한국의 장(醬)'을 주제로 1호 K-미식벨트를 조성하는 등 K-미식벨트 톱30을 조성하는 작업도 본격화된다.    kaka@yna.co.kr
]","정책자금 상환 연장 지원 대상 대폭 확대…고금리→저금리 대환대출 요건 완화음식점 등 영세 소상공인 배달료 지원…전기료 혜택 대상 소상공인 50만명 더 늘어나프랜차이즈 필수품목 확대시 가맹점주 협의 의무화…온누리상품권 사용처 대폭 확대 자영업자 은행 연체율 11년 만에 최고(서울=연합뉴스) 한상균 기자 = 9일 서울 시내 한 폐업 상점에 각종 고지서가 쌓여 있다. 이날 금융감독원에 따르면 개인사업자대출 연체율이 2012년 12월(0.64%) 이후 가장 높은 수준으로 치솟았다. 2024.6.9 xyz@yna.co.kr (서울=연합뉴스) 박상돈 기자 = 정부가 소상공인 비용 부담을 줄여주기 위해 정책자금 상환 연장, 전환보증, 대환대출 등의 금융 지원 '3종 세트' 정책을 추진한다. 영세 소상공인에게 배달료를 지원하고, 추가로 영세 소상공인 최대 50만명에게도 전기료 혜택을 주기로 했다. 또 앞으로 프랜차이즈 가맹본부가 필수품목을 늘리거나 가격을 올릴 때는 반드시 소상공인 가맹점주와 협의해야 한다. 전통시장과 골목형 상점가에서 쓸 수 있는 온누리상품권은 사용처가 대폭 늘어나 오는 9월부터 스포츠학원, 노래방, 병원, 동물병원 등에서도 사용할 수 있게 된다. 정부는 3일 부처 합동으로 이런 내용을 담은 '소상공인·자영업자 종합대책'을 발표했다. 1년새 50% 증가한 자영업자 대출 연체금액(서울=연합뉴스) 김성민 기자 = 경기 부진 등을 대출로 버텨온 자영업자들이 갚지 못한 대출 규모가 1년 사이 50% 이상 늘어났다. 특히 사업 경험이나 자산이 상대적으로 적은 20·30대 젊은 자영업자들의 연체율이 가장 빨리 증가했다. 신용평가기관 나이스평가정보의 '개인사업자 가계·기업대출 현황 자료에 따르면 개인사업자 335만8천499명의 연체금액(3개월이상 연체 기준)은 18조2천941억원에서 27조3천833억원으로 9조892억원(49.7%)이나 급증했고, 평균 연체율도 1.69%에서 2.47%로 약 0.8%포인트(p) 뛰었다. 사진은 4일 오전 서울 서초구 교대역에 채무 상환 관련 광고가 붙어 있다. 2024.3.4 ksm7976@yna.co.kr 소상공인 정책자금 상환 연장…고금리 대환대출 요건 완화 내달부터 정책자금 상환 연장 지원 대상 소상공인이 대폭 확대되고 연장 기간도 최대 5년까지 늘어난다. 지원 기준에서 업력 3년 이상, 대출 잔액 3천만원 이상 등의 요건이 폐지된다. 상환 연장 시 적용되는 금리도 '정책자금 기준금리+0.6%포인트'에서 '기존 이용금리+0.2%포인트'로 개선된다. 또 지역신용보증재단 보증부대출을 이용하는 소상공인 대출 상환 기간 연장을 위해 5조원 규모의 전환보증이 신설된다. 은행·비은행권의 7% 이상 고금리 대출을 저금리 대출로 대환하기 위해 소상공인시장진흥공단이 5천억원 규모로 진행하는 프로그램 요건은 내달부터 대폭 완화된다. 신용도가 NCB 개인신용평점 839점 이하에서 919점 이하로 완화되고 대출 시점은 지난해 8월 31일에서 대책이 발표된 이날 이전으로 변경된다. 대출 유형도 사업자대출에서 사업 용도 가계대출까지 포함하는 것으로 변경된다. 한도 3천만원의 저신용 소상공인 정책자금 지원 대상의 신용도는 NCB 744점 이하에서 839점 이하로 하향 조정돼 지원 대상이 늘어나고 올해 지원 금액은 4천억원에서 6천억원으로 2천억원 추가된다. 외식업계 부담 완화를 위해 농산물 구매자금 융자 금리를 1%포인트 인하하는 방안도 추진된다.소상공인, 전기요금 최대 20만원 지원받는다(서울=연합뉴스) 임화영 기자 = 영세 소상공인들은 정부가 마련한 최대 20만원 전기요금 특별지원을 오는 21일부터 온라인에서 순차적으로 신청해 받을 수 있게 됐다. 지원 대상은 공고일 기준 활동 중이고 연 매출이 3천만원 이하이며 사업장용 전기요금(주거용 등 제외)을 부담하는 개인·법인사업자다. 사진은 14일 서울 시내의 한 전통시장에서 장사 중인 상인. 2024.2.14 hwayoung7@yna.co.kr 영세 소상공인 배달료 지원…전기료 혜택 대상 50만명 더 늘어나 소상공인의 배달료와 임대료, 전기료, 인건비, 관리비 등 5대 고정비용 부담을 완화하기 위한 정책도 추진된다. 정부는 내년부터 음식업 등 영세 소상공인을 대상으로 배달료 신규 지원을 추진하고 배달앱·숙박앱 등 플랫폼 사업자와 입주업체 간의 상생과 부담 완화를 위한 논의를 촉진하기로 했다. 또 소상공인에게 임대료를 인하해준 임대인에 대해 인하액의 최대 70%를 세액공제해 주는 세제지원 일몰을 올해 말에서 내년 말로 연장하고 국유재산 사용료 감면 지원 기간도 내년 말까지 1년 연장한다. 전기료 지원 기준이 현재 연 매출 3천만원 이하에서 6천만원 이하로 완화되면서 최대 50만명이 20만원의 전기료를 지원받게 됐다. 인건비 부담 완화를 위해서는 키오스크와 서빙 로봇 등 자동화 스마트기기를 약 6천개 지원하고 지난 4월부터 시행 중인 음식점업 주방 보조원 E-9 비자 시범사업 평가를 토대로 하반기에 외국인 고용 허가 범위를 확대하는 것을 검토한다. 이와 함께 관리비 부과의 투명성 확보를 위해 개정된 상가임대차 표준 계약서를 적극적으로 활용하도록 유도할 계획이다. 그래픽 소상공인 종합 지원대책 주요 내용(서울=연합뉴스) 김영은 기자 = 0eun@yna.co.kr X(트위터) @yonhap_graphics 페이스북 tuney.kr/LeYN1전통시장 온누리상품권 사용처 대폭 확대(서울=연합뉴스) 임화영 기자 = 전통시장 신용카드 사용분에 대한 소득공제율이 상향 조정되고 전통시장에서 쓸 수 있는 온누리상품권 사용처가 대폭 확대된다. 24일 정부와 소상공인 업계에 따르면 중소벤처기업부는 전통시장 및 상점가에서 사용할 수 있는 온누리상품권 사용처를 대폭 확대하기 위해 전통시장법 시행령 개정 작업을 진행 중이다. 중기부는 소상공인 지원을 위해 유흥업소 등 일부 업종을 제외한 나머지 모든 가맹점에서 온누리상품권을 사용할 수 있도록 할 계획이다. 전통시장 신용카드 사용분에 대한 소득공제율을 현행 40%에서 80%로 상향 조정하는 조세특례제한법 개정도 다시 추진된다. 사진은 24일 서울 시내의 한 전통시장 상점에 게시된 온누리상품권 가맹점 안내문. 2024.6.24 hwayoung7@yna.co.kr 프랜차이즈 필수품목 확대 시 가맹점주와 협의 의무화 소상공인의 경영 환경 개선을 위해 프랜차이즈의 필수품목 관련 제도도 개선된다. 프랜차이즈 가맹본부가 필수품목 확대·가격 인상 등 거래조건을 가맹점주에게 불리하게 변경할 경우 의무적으로 가맹점주와 협의를 거치도록 했다. 필수품목을 축소한 가맹본부에는 공정거래 협약 이행 평가 시 기존보다 가점을 더 부여해 인센티브를 제공한다. 또 소상공인도 비축물자를 팔 수 있도록 해 비축 농산물은 시장과 슈퍼까지, 수산물은 슈퍼까지 각각 공급한다. 소상공인을 위한 공제 제도인 '노란우산' 납입부금에 대한 소득공제 한도는 연간 최대 500만원에서 600만원으로 상향 조정된다. 내년부터 노란우산 공제 무이자 대출 및 공제부금 납부유예 인정 사유에는 '출산'이 추가된다. 온누리상품권 사용처도 오는 9월부터 대폭 확대된다. 온누리상품권 가맹 제한 업종이 40종에서 28종으로 축소돼 전통시장과 골목형상점가에 있는 스포츠학원, 노래방, 병원(한방·치과), 동물병원 등에서도 온누리상품권을 사용할 수 있게 된다. 골목형상점가 사용처는 지난해 182개에서 오는 2027년까지 300개로 확대할 계획이다. 아울러 관광 활성화를 통한 소상공인 매출을 확대하기 위해 추석 기간 비수도권을 대상으로 숙박쿠폰 20만장을 추가 발행한다. 쇠퇴 도심 활성화를 위해 도시재생씨앗융자 대상에 내년 상가복합주택을 허용하고 올해 하반기에는 업종 제한을 완화하는데 생맥주 전문점과 스크린 야구장 등이 허용된다. 하반기에는 '한국의 장(醬)'을 주제로 1호 K-미식벨트를 조성하는 등 K-미식벨트 톱30을 조성하는 작업도 본격화된다. kaka@yna.co.kr","In addition, the USDC (U.S.A.) has reached a peak of 994, compared to the USDC.",0.12729045748710632,0.6822882890701294,0.04518895223736763,0.05641956627368927,0.05988330766558647,0.028929423540830612
2024-07-03 12:30:22,[하반기 경제] 배당증가분에 저율 분리과세…밸류업 稅조치 윤곽,https://n.news.naver.com/mnews/article/001/0014784902?sid=101,"[
최대 45% 종합과세→25%…주주환원 5% 넘게 늘리면 법인세 감면(세종=연합뉴스) 송정은 박원희 기자 = 정부가 배당 우수 기업의 주주에게 분리과세로 배당소득세를 감면하는 방안을 추진한다.    주주환원을 늘린 기업에도 법인세 감면의 혜택이 돌아간다.    이런 내용의 '밸류업' 세제 방안이 3일 기획재정부가 발표한 '역동경제 로드맵'에서 공개됐다. 정부는 이달 말 세법 개정안에 담아 국회에 제출할 예정이다.



기업 밸류업 (PG)[강민지 제작] 일러스트  원천징수 14→9%…종합과세 대신 '25%' 분리과세    우선 과거보다 5% 넘게 배당을 늘리거나 자사주를 더 소각한 기업에 법인세를 깎아주기로 했다.    구체적으로 직전 3개년 주주환원(배당·자사주 소각) 분보다 5% 초과분에 대해 법인세를 5% 세액공제해주기로 했다. 대·중소기업 등 기업 규모와 관계 없이 적용된다.    법인세 세액공제를 받은 밸류업 공시 기업의 주주도 배당 증가분에 대해서 소득세 혜택을 받는다.    현재는 2천만원 이하 배당소득은 14%를 원천징수하고, 2천만원 초과분에는 금융소득 종합과세해 과표 구간에 따라 14∼45% 세율이 적용된다.    개정된 주주의 세 혜택은 두 가지다.    정부는 먼저 원천징수 세율을 14%에서 9%로 낮추기로 했다.    2천만원 초과분에 대해서는 기존대로 종합과세하거나 25% 세율로 분리과세하는 방안 중 선택할 수 있게 했다. 최대 45%였던 세율이 25%로 낮아지는 것이다.    예를 들어 A 기업이 직전 3개년 평균 1천억원을 배당하다가 내년 1천200억원을 배당하면 5% 초과분인 150억원에 대해 5%를 세액공제 받아 법인세를 7억5천만원 감면받게 된다.    이 기업의 주주도 배당소득 1천200만원에 다른 소득이 없다면 기존 제도에서는 168만원(1천200만원×14%)을 세금으로 냈지만, 개정안에 따르면 증가분인 200만원에 대해선 9%, 나머지 1천만원은 14% 세율이 적용돼 158만원을 내게 된다. 10만원 경감 효과가 있다.    또한 배당소득이 2천400만원에 다른 소득이 10억원인 주주는 기존 10억2천400만원을 종합과세 해 3억8천866만원을 냈던 데서 분리과세한다면 80만원가량 줄게 된다.



[그래픽] 역동경제 로드맵 주요 내용(서울=연합뉴스) 김민지 기자 = minfo@yna.co.kr    X(트위터) @yonhap_graphics  페이스북 tuney.kr/LeYN1  이사회 '사전' 승인 명시…이사 충실의무 확대는 안 담겨    기업 지배구조 개선책으로는 올해 하반기에 추진할 이사 책임 강화, 주주총회 내실화 등을 발표했다.    기회 유용 금지와 관련해, 기존 상법에서 이사가 이사회의 승인받도록 한 것을 '사전' 승인받도록 명확히 한다.    전자 주총을 도입하고 주총 기준 효력 기간도 기존 3개월에서 2개월로 단축하기로 했다. 물적 분할 시 반대주주 주식매수청구권을 부여하는 방안도 추진된다.    내년부터는 밸류업 우수기업을 표창하고, 모범납세자 선정 시 우대해 시장평가·투자도 유도할 방침이다.    이사의 충실의무 대상에 회사뿐 아니라 주주도 포함하게 하는 상법 개정은 이번에 담기지 않았다. 재계에서는 이사 충실의무를 확대하면 기업의 경영활동에 제약이 된다는 이유 등으로 우려를 제기해왔다.    정부는 이번에 발표하지 않았다고 해서 추진하지 않겠다는 뜻은 아니라고 밝혔다.    김병환 기재부 1차관은 ""상법과 관련해 공론화가 진행되고 있다""며 ""그 과정에서 논의를 거쳐 정부 입장을 어느 시점에는 정하지 않겠나 싶다""고 말했다.    상반기에 국회 문턱을 넘지 못했던 개인종합자산관리계좌(ISA) 혜택 확대와 금융투자소득세 폐지도 다시 추진해 국내 증시 투자를 유도하겠다는 방침이다. 정부는 앞서 ISA 납입 한도를 2천만원에서 4천만원, 비과세 한도를 200만원에서 500만원으로 늘리기로 했다.



밸류업 (CG)[연합뉴스TV 제공]  조특법 개정해 '밸류업' 3년 한시 시행…여소야대 '변수'    주주환원 관련 기업과 주주의 세제 혜택은 모두 조세특례제한법(조특법) 개정 사안이다. 정부는 3년 한시로 시행할 예정이다.    여소야대 의회 지형을 고려하면 개정안이 국회에서 통과될지는 미지수다.    과거 2015년 박근혜 정부에서 도입됐던 '배당소득증대세제' 제도도 '부자 감세'라는 논란 속에 일몰됐다. 배당소득은 상대적으로 지분율이 높은 대주주나 고소득층에 집중될 가능성이 크기 때문이다.    정부는 이번 안의 세부적인 조치가 다르다고 덧붙였다. 당시는 기업의 법인세 혜택은 포함되지 않기도 했다.    기재부 정정훈 세제실장은 ""당시 배당증가율 등 기준으로 엄격히 하다 보니 실질적인 효과가 크지 않았다""며 ""최근 중요도가 커지는 자사주 소각도 적용받도록 포함했다""고 말했다.    기재부는 과거와 달리 전체 배당액이 아닌 증가분에 대해 혜택을 줌으로써 기업의 노력을 더 유도했다고 설명했다.    다만 주주환원을 늘릴 시 혜택을 주기 때문에 기존에 배당을 잘하던 기업에 대한 '역차별'이 될 수 있다는 지적도 제기된다.



기업 밸류업 (PG)[강민지 제작] 일러스트    sje@yna.co.kr
]","최대 45% 종합과세→25%…주주환원 5% 넘게 늘리면 법인세 감면(세종=연합뉴스) 송정은 박원희 기자 = 정부가 배당 우수 기업의 주주에게 분리과세로 배당소득세를 감면하는 방안을 추진한다. 주주환원을 늘린 기업에도 법인세 감면의 혜택이 돌아간다. 이런 내용의 '밸류업' 세제 방안이 3일 기획재정부가 발표한 '역동경제 로드맵'에서 공개됐다. 정부는 이달 말 세법 개정안에 담아 국회에 제출할 예정이다.기업 밸류업 (PG)강민지 제작 일러스트 원천징수 14→9%…종합과세 대신 '25%' 분리과세 우선 과거보다 5% 넘게 배당을 늘리거나 자사주를 더 소각한 기업에 법인세를 깎아주기로 했다. 구체적으로 직전 3개년 주주환원(배당·자사주 소각) 분보다 5% 초과분에 대해 법인세를 5% 세액공제해주기로 했다. 대·중소기업 등 기업 규모와 관계 없이 적용된다. 법인세 세액공제를 받은 밸류업 공시 기업의 주주도 배당 증가분에 대해서 소득세 혜택을 받는다. 현재는 2천만원 이하 배당소득은 14%를 원천징수하고, 2천만원 초과분에는 금융소득 종합과세해 과표 구간에 따라 14∼45% 세율이 적용된다. 개정된 주주의 세 혜택은 두 가지다. 정부는 먼저 원천징수 세율을 14%에서 9%로 낮추기로 했다. 2천만원 초과분에 대해서는 기존대로 종합과세하거나 25% 세율로 분리과세하는 방안 중 선택할 수 있게 했다. 최대 45%였던 세율이 25%로 낮아지는 것이다. 예를 들어 A 기업이 직전 3개년 평균 1천억원을 배당하다가 내년 1천200억원을 배당하면 5% 초과분인 150억원에 대해 5%를 세액공제 받아 법인세를 7억5천만원 감면받게 된다. 이 기업의 주주도 배당소득 1천200만원에 다른 소득이 없다면 기존 제도에서는 168만원(1천200만원×14%)을 세금으로 냈지만, 개정안에 따르면 증가분인 200만원에 대해선 9%, 나머지 1천만원은 14% 세율이 적용돼 158만원을 내게 된다. 10만원 경감 효과가 있다. 또한 배당소득이 2천400만원에 다른 소득이 10억원인 주주는 기존 10억2천400만원을 종합과세 해 3억8천866만원을 냈던 데서 분리과세한다면 80만원가량 줄게 된다.그래픽 역동경제 로드맵 주요 내용(서울=연합뉴스) 김민지 기자 = minfo@yna.co.kr X(트위터) @yonhap_graphics 페이스북 tuney.kr/LeYN1 이사회 '사전' 승인 명시…이사 충실의무 확대는 안 담겨 기업 지배구조 개선책으로는 올해 하반기에 추진할 이사 책임 강화, 주주총회 내실화 등을 발표했다. 기회 유용 금지와 관련해, 기존 상법에서 이사가 이사회의 승인받도록 한 것을 '사전' 승인받도록 명확히 한다. 전자 주총을 도입하고 주총 기준 효력 기간도 기존 3개월에서 2개월로 단축하기로 했다. 물적 분할 시 반대주주 주식매수청구권을 부여하는 방안도 추진된다. 내년부터는 밸류업 우수기업을 표창하고, 모범납세자 선정 시 우대해 시장평가·투자도 유도할 방침이다. 이사의 충실의무 대상에 회사뿐 아니라 주주도 포함하게 하는 상법 개정은 이번에 담기지 않았다. 재계에서는 이사 충실의무를 확대하면 기업의 경영활동에 제약이 된다는 이유 등으로 우려를 제기해왔다. 정부는 이번에 발표하지 않았다고 해서 추진하지 않겠다는 뜻은 아니라고 밝혔다. 김병환 기재부 1차관은 ""상법과 관련해 공론화가 진행되고 있다""며 ""그 과정에서 논의를 거쳐 정부 입장을 어느 시점에는 정하지 않겠나 싶다""고 말했다. 상반기에 국회 문턱을 넘지 못했던 개인종합자산관리계좌(ISA) 혜택 확대와 금융투자소득세 폐지도 다시 추진해 국내 증시 투자를 유도하겠다는 방침이다. 정부는 앞서 ISA 납입 한도를 2천만원에서 4천만원, 비과세 한도를 200만원에서 500만원으로 늘리기로 했다.밸류업 (CG)연합뉴스TV 제공 조특법 개정해 '밸류업' 3년 한시 시행…여소야대 '변수' 주주환원 관련 기업과 주주의 세제 혜택은 모두 조세특례제한법(조특법) 개정 사안이다. 정부는 3년 한시로 시행할 예정이다. 여소야대 의회 지형을 고려하면 개정안이 국회에서 통과될지는 미지수다. 과거 2015년 박근혜 정부에서 도입됐던 '배당소득증대세제' 제도도 '부자 감세'라는 논란 속에 일몰됐다. 배당소득은 상대적으로 지분율이 높은 대주주나 고소득층에 집중될 가능성이 크기 때문이다. 정부는 이번 안의 세부적인 조치가 다르다고 덧붙였다. 당시는 기업의 법인세 혜택은 포함되지 않기도 했다. 기재부 정정훈 세제실장은 ""당시 배당증가율 등 기준으로 엄격히 하다 보니 실질적인 효과가 크지 않았다""며 ""최근 중요도가 커지는 자사주 소각도 적용받도록 포함했다""고 말했다. 기재부는 과거와 달리 전체 배당액이 아닌 증가분에 대해 혜택을 줌으로써 기업의 노력을 더 유도했다고 설명했다. 다만 주주환원을 늘릴 시 혜택을 주기 때문에 기존에 배당을 잘하던 기업에 대한 '역차별'이 될 수 있다는 지적도 제기된다.기업 밸류업 (PG)강민지 제작 일러스트 sje@yna.co.kr","If you have more than a quarter of a quarter of a quarter of a quarter of a quarter of a quarter of a quarter of a quarter of a quarter of a quarter of a quarter of a quarter of a quarter of a quarter of a quarter of a quarter of a quarter of a quarter of a quarter of a quarter of a quarter of a share of a quarter of a quarter of a quarter of a quarter of a quarter of a quarter of a quarter of a quarter of a quarter of a quarter of a quarter of a quarter of a quarter of a quarter of a quarter of a quarter of a quarter of a quarter of a quarter of a quarter of a quarter of a quarter of a quarter of a quarter of a quarter of a quarter of a share of a share of a share of a share of the share of the share of the income. If you have a share of the tax, you have a quarter of a quarter of the tax, you'll have a quarter of the tax, you'll have a quarter of a quarter of a quarter of a quarter of a quarter of a quarter of a quarter of a quarter of the share of a quarter of the share of the share of the share of the share of the share of the share of the share of the share of the share of the share of the share of the share of the share of the share of the share of the share of the share of the share of the share of the share of the share of the share of the share of the share of the share of the share of the share of the share of the share of the share of the share of the share of the share of the share of the share of the share of the share of the share of the share of the share of the share of the share of the share of the share of the share of the share of the share of the share of the share of the share of the share of the share of the share of the share of the share of the share of the share of the share of the share of the share of the share of the share of the share of the share of the share of the share of the share of the share of the tax.",0.13032996654510498,0.3507612645626068,0.060738518834114075,0.31864267587661743,0.08718181401491165,0.052345771342515945
2024-07-03 12:30:00,건설 투·융자 15조 확대…부동산PF 안정화 94조 유동성 공급,https://n.news.naver.com/mnews/article/003/0012644587?sid=101,"[
건설경기 회복위한 공공부문 재정투자 및 지원규모 확대하반기 부동산 PF 제도개선 추진…시장 조기 정상화 도모



[서울=뉴시스] 정병혁 기자 = 서울 송파구 롯데월드타워 전망대 서울스카이에서 바라본 서울시내 아파트. 2024.07.01. jhope@newsis.com[세종=뉴시스]김동현 기자 = 정부가 건설경기 회복을 위해 공공건설부문의 재정투자를 확대하고 정책금융 융자·보증 등 지원규모를 늘린다. 이와함께 부동산 PF(프로젝트파이낸싱) 제도개선 방안을 통해 시장 안정화를 도모한다는 계획이다. 하반기 건설시장은 경기 선행지표인 건설수주액이 부진한데다 부동산 PF 불확실성으로 부진이 불가피하다는 다수의 전망이 나오고 있는 것을 고려해 재정 투입과 부동산 PF 시장의 조기 정상화를 본격화한다는 구상이다.정부는 3일 정부서울청사에서 최상목 경제부총리 겸 기획재정부 장관 주재로 관계부처 합동브리핑을 열고 이 같은 내용의 '역동경제 로드맵 및 하반기 경제정책방향'을 발표했다.현재 건설투자의 경우 신규공사 위축 등으로 어려움을 겪고 있으며 이로인해 지역 경기 및 일자리에 부정적인 영향을 줄 수 있다는 전망이다. 또 부동산 PF는 부동산 시장 침체에 금리부담이 높아지면서 부실 우려가 높아진 상황이다. 



[세종=뉴시스]정부는 3일 정부서울청사에서 관계부처 합동으로 동반성장 및 기업의 사회적 책임 이행을 위한 생태계 조성 계획이 담긴 '2024년 하반기 경제정책방향'을 발표했다. 사진은 김병환 기획재정부 1차관의 역동경제 로드맵 및 2024년 하경정 상세브리핑을 진행하는 모습.(사진=기획재정부 제공)정부는 이런 상황을 해소하기 위해 먼저 올 하반기 공공부문에서의 투·융자를 연초 계획 대비 15조원 확대한다는 계획이다. 세부적으로 올해 세웠던 게획의 차질없는 집행과 내년 사업을 당겨서 집행하도록 유도한다는 방침이다. 또 철도·도로·항만 등 사회간접자본(SOC) 위주의 사업을 적극 발굴하고 복합문화·관광·화경시설 등 다양한 민간투자사업 발굴목표를 연초 대비 5조원 늘려 20조원 이상 규모로 만든다는 계획이다. 최근 공사비 인상으로 애로를 겪고 있는 공공주택 사업장에서 발생하는 준공 지연을 해소하기 위한 방안도 마련했다. 정부는 공공주택 사업장에 대해 주택도시기금 사업비 지원단가를 현실화하고 분쟁이 발생하는 경우 전문가 파견해 공사비 검증을 신속하게 처리할 예정이다. 이와 함께 국토교통부를 중심으로 관계부처가 참여하는 태스크포스(TF)를 결성해 자재·노무·경비 등 공사비 상승 요인을 분석하고 하반기 중 품목·항목별 맞춤형 대응 방안을 마련하기로 했다. 부동산 PF 시장 안정화 대책으론 PF 보증 30조원, 건설공제조합 보증 10조원, 준공전 미분양 대출보증 5조원 등 94조원 규모의 유동성 공급을 통해 PF 불안이 금융시장 전반으로 확산되지 않도록 지원한다. 아울러 올 하반기 중 '부동산 PF 제도개선 방안'을 마련·발표한다. 개선 방안에는 ▲시행업계 내실화 ▲PF 사업의 자기자본 비율 확대 ▲PF 시장 참여자의 건전성 유지 방안 ▲PF 시장 투명성 강화 및 관리 체계화 등이 담긴다. 정부는 PF 불안이 가계붗채 증가로 이어지지 않도록 향후 연간 가계부채 증가율을 경상성장률 이내로 관리하는 등 올해 국내총생산(GDP) 대비 가계부채 비율을 90% 초반 수준으로 관리한다는 구상이다. 정부 관계자는 ""건설 투자를 보강하기 위해 공공기관 투자 2조원, 민자 5조원, 정책금융 8조원 등 총 15조 원 규모의 투·융자를 확대하고 부동산PF 시장 안정화를 위해서 사업성 평가에 기반해서 맞춤형 관리·지원을 강화하고 하반기 중에 자기자본비율 확대를 포함해 보다 근본적인 부동산PF 제도 개선 방안을 내놓을 것""이라고 전했다.



[서울=뉴시스] 
]","건설경기 회복위한 공공부문 재정투자 및 지원규모 확대하반기 부동산 PF 제도개선 추진…시장 조기 정상화 도모서울=뉴시스 정병혁 기자 = 서울 송파구 롯데월드타워 전망대 서울스카이에서 바라본 서울시내 아파트. 2024.07.01. jhope@newsis.com세종=뉴시스김동현 기자 = 정부가 건설경기 회복을 위해 공공건설부문의 재정투자를 확대하고 정책금융 융자·보증 등 지원규모를 늘린다. 이와함께 부동산 PF(프로젝트파이낸싱) 제도개선 방안을 통해 시장 안정화를 도모한다는 계획이다. 하반기 건설시장은 경기 선행지표인 건설수주액이 부진한데다 부동산 PF 불확실성으로 부진이 불가피하다는 다수의 전망이 나오고 있는 것을 고려해 재정 투입과 부동산 PF 시장의 조기 정상화를 본격화한다는 구상이다.정부는 3일 정부서울청사에서 최상목 경제부총리 겸 기획재정부 장관 주재로 관계부처 합동브리핑을 열고 이 같은 내용의 '역동경제 로드맵 및 하반기 경제정책방향'을 발표했다.현재 건설투자의 경우 신규공사 위축 등으로 어려움을 겪고 있으며 이로인해 지역 경기 및 일자리에 부정적인 영향을 줄 수 있다는 전망이다. 또 부동산 PF는 부동산 시장 침체에 금리부담이 높아지면서 부실 우려가 높아진 상황이다. 세종=뉴시스정부는 3일 정부서울청사에서 관계부처 합동으로 동반성장 및 기업의 사회적 책임 이행을 위한 생태계 조성 계획이 담긴 '2024년 하반기 경제정책방향'을 발표했다. 사진은 김병환 기획재정부 1차관의 역동경제 로드맵 및 2024년 하경정 상세브리핑을 진행하는 모습.(사진=기획재정부 제공)정부는 이런 상황을 해소하기 위해 먼저 올 하반기 공공부문에서의 투·융자를 연초 계획 대비 15조원 확대한다는 계획이다. 세부적으로 올해 세웠던 게획의 차질없는 집행과 내년 사업을 당겨서 집행하도록 유도한다는 방침이다. 또 철도·도로·항만 등 사회간접자본(SOC) 위주의 사업을 적극 발굴하고 복합문화·관광·화경시설 등 다양한 민간투자사업 발굴목표를 연초 대비 5조원 늘려 20조원 이상 규모로 만든다는 계획이다. 최근 공사비 인상으로 애로를 겪고 있는 공공주택 사업장에서 발생하는 준공 지연을 해소하기 위한 방안도 마련했다. 정부는 공공주택 사업장에 대해 주택도시기금 사업비 지원단가를 현실화하고 분쟁이 발생하는 경우 전문가 파견해 공사비 검증을 신속하게 처리할 예정이다. 이와 함께 국토교통부를 중심으로 관계부처가 참여하는 태스크포스(TF)를 결성해 자재·노무·경비 등 공사비 상승 요인을 분석하고 하반기 중 품목·항목별 맞춤형 대응 방안을 마련하기로 했다. 부동산 PF 시장 안정화 대책으론 PF 보증 30조원, 건설공제조합 보증 10조원, 준공전 미분양 대출보증 5조원 등 94조원 규모의 유동성 공급을 통해 PF 불안이 금융시장 전반으로 확산되지 않도록 지원한다. 아울러 올 하반기 중 '부동산 PF 제도개선 방안'을 마련·발표한다. 개선 방안에는 ▲시행업계 내실화 ▲PF 사업의 자기자본 비율 확대 ▲PF 시장 참여자의 건전성 유지 방안 ▲PF 시장 투명성 강화 및 관리 체계화 등이 담긴다. 정부는 PF 불안이 가계붗채 증가로 이어지지 않도록 향후 연간 가계부채 증가율을 경상성장률 이내로 관리하는 등 올해 국내총생산(GDP) 대비 가계부채 비율을 90% 초반 수준으로 관리한다는 구상이다. 정부 관계자는 ""건설 투자를 보강하기 위해 공공기관 투자 2조원, 민자 5조원, 정책금융 8조원 등 총 15조 원 규모의 투·융자를 확대하고 부동산PF 시장 안정화를 위해서 사업성 평가에 기반해서 맞춤형 관리·지원을 강화하고 하반기 중에 자기자본비율 확대를 포함해 보다 근본적인 부동산PF 제도 개선 방안을 내놓을 것""이라고 전했다.서울=뉴시스 ",This post-conservation of the U.S. co-opportunity and support sub-conservation of the U.N. sub-servation of the U.N. sub-servation of the U.S.A. sub-servation of the U.N. sub-servation of the U.S.A. sub-conservation of the U.S.,0.049290671944618225,0.8425253033638,0.03472171723842621,0.03089669533073902,0.029759181663393974,0.012806529179215431
2024-07-03 12:30:27,[역동경제 로드맵] 징검다리 아닌 사흘 황금연휴…'요일제 공휴일' 검토,https://n.news.naver.com/mnews/article/001/0014784913?sid=101,"[
먹거리 관세율 낮춘다…외국인 돌봄서비스 확대(세종=연합뉴스) 송정은 기자 = 정부가 대체공휴일을 확대하거나 미국처럼 '요일제 공휴일'을 도입하는 방안을 검토한다. 충분한 휴식을 보장해 일과 생활의 균형을 찾겠다는 취지다.    먹거리 분야 관세율을 낮춰 필수 생계비 부담도 덜어내기로 했다.    정부는 3일 관계부처 합동으로 이런 내용 등을 담은 '역동경제 로드맵'을 발표했다.



황금연휴 앞둔 김포공항 국내선 청사(서울=연합뉴스) 박동주 기자 = 황금연휴를 앞둔 3일 서울 강서구 김포공항 국내선 청사에서 여행객 등이 대기하고 있다. 2024.5.3 pdj6635@yna.co.kr  매년 '3일 연휴' 구상…의무 휴게시간 30분도 개선    정부는 날짜 중심의 공휴일제도를 개선키로 했다.    대체공휴일 확대 또는 특정 요일을 공휴일로 지정하는 요일제 공휴일로 매년 안정적인 휴일 수를 확보하겠다는 구상이다.    우리나라는 신정(1월 1일)과 현충일(6월 6일)에는 대체공휴일을 적용하지 않아 연도별로 공휴일 수가 차이가 난다. 주요 선진국은 날짜 지정 공휴일에 모두 대체공휴일을 적용하고 있다.    금·월요일을 공휴일로 지정한다면 주말과 이어 사흘간 쉼으로써 연휴 효과를 극대화할 수도 있다.    미국은 '월요일 공휴일 법', 일본은 '해피 먼데이 제도'를 운영해 많은 공휴일을 월요일로 지정했다.    어린의날·현충일·한글날 등은 요일제가 가능한 공휴일로 검토되고 있다.    정부는 현행 근로 시간 제도에 대한 개선 방안도 장기적으로 모색한다.    휴게시간 선택권을 높이는 안이 대표적이다. 현재는 4시간을 일하면 30분 이상을 의무적으로 쉬어야 한다. 이 때문에 4시간만 근무하는 근로자도 일한 뒤 30분간 쉬다가 퇴근해야 하는 등 불합리한 상황이 생기고 있다는 정부의 문제의식이다.    급여 지급도 현행 월급 체계를 '월 2회', '주1회', '2주1회' 지급 등 다양한 체계로 바꿔 나가는 방안을 연구하기로 했다.



현충일 맞아 야구장 가득메운 야구팬들(인천=연합뉴스) 임순석 기자 = 6일 오후 인천 SSG랜더스필드에서 열린 2024 KBO리그 삼성 라이온즈와 SSG 랜더스의 경기. 시즌 4번째 매진을 기록한 가운데 야구팬들이 응원전을 펼치고 있다. 2024.6.6 soonseok02@yna.co.kr  기후변화 대응해 먹거리 관세 인하…'워런 버핏'처럼 기부문화 확산    기후변화 등에 대응해 장기적으로 먹거리 물가를 안정화할 방안도 담겼다.    먹거리 분야에 현재의 할당관세 방식 대신 근본적으로 관세율을 낮추도록 검토하겠다는 것이다.    기재부에 따르면 2022년 기준 육류 관세부과율은 6.95%, 어류는 8.39%, 낙농품 9.61%, 채소 23.43%, 과일 7.93% 등으로 나타나 전체 평균 1.49%와 비교해 상대적으로 높은 수준이다.    또 온라인 도매시장을 활성화하고, 농가는 토지·경영을 영농조합법인에 일임하고 조합은 소득을 농가에 주는 식의 '공동 영농모델'을 확산해 나가기로 했다.



마트에 놓인 과일(서울=연합뉴스) 박동주 기자 = 사진은 4일 서울의 한 대형마트 과일 판매대. 2024.6.4 pdj6635@yna.co.kr    서로 상생하는 문화를 위해 기부 유인도 확대한다.    정부는 기부금 범위에 상장주식, 선불전자지급수단, 전자화폐, 선불카드, 상품권 등을 포함하도록 시행령 개정을 추진한다.    공인신탁 귀속 방식을 다양화하거나 투자 가능 대상을 확대하는 방안과 고향사랑기부금 세액공제 한도 상향도 검토한다.    기재부 김재훈 경제정책국장은 ""최근 워런 버핏이 유산을 공익신탁에 맡기겠다고 했는데 우리나라는 공익신탁 제도가 엄격해 활용도가 낮은 편""이라며 ""이런 부분의 제도 개선 방안을 검토해 나가겠다""고 말했다.  중장년 인력 활용 '계속고용'…'졸업 패스트트랙'도 도입    정부는 직무·성과 중심 임금체계가 확산하도록 직무급을 도입한 공공기관을 올해 109개에서 2027년 200개까지 늘릴 방침이다.    아울러 중장년층이 이른 퇴직 후 저임금 일자리로 옮기는 현상을 방지하기 위해 사회적 대화를 바탕으로 '계속고용 로드맵', '중장년 전직·재취업 활성화 방안'을 하반기 중 마련키로 했다. 정년 연장 논의도 함께 이뤄질 것으로 보인다.    돌봄 인력을 확충하기 위해 외국인 가사관리사와 체류 외국인 가사 돌봄 시범 사업을 내년부터 돌봄서비스 전반으로 확대하는 방안도 검토한다.



'축하합니다'(서울=연합뉴스) 박동주 기자 = 23일 오전 2024년 겨울 학위수여식이 열린 서울 종로구 성균관대학교에서 졸업생들이 기념 촬영을 하고 있다. 2024.2.23 pdj6635@yna.co.kr    탄력적 대학 학사 운용으로 '조기졸업'이 가능한 신속 졸업 트랙도 운영키로 했다. 미국의 경우 고등학생이 대학 과목을 수강하고 고등학교·대학교 학점을 동시에 인정받기도 한다.    정부는 저소득층의 근로의욕을 높여 약자 보호도 강화하겠다는 방침이다.     영국의 '유니버설 크레딧' 제도를 참고해 고용-복지 전반의 소득 보장제도를 종합적으로 점검·평가하는 연구용역을 올 하반기 중으로 추진한다. 영국은 근로 연령층을 대상으로 하는 주요 사회부조 제도를 하나의 체계로 통합해 근로소득 증가에 따른 복지급여 감소 시 65% 수준의 단일감액률을 적용하고 있다.    빈곤층의 최저생활 보장 강화를 위해 생계급여 선정 기준은 기준 중위소득 32%에서 오는 27년까지 기준 중위소득 35%로 단계적으로 높여나갈 계획이다.



[그래픽] 역동경제 로드맵 주요 내용(서울=연합뉴스) 김민지 기자 = minfo@yna.co.kr    X(트위터) @yonhap_graphics  페이스북 tuney.kr/LeYN1    sje@yna.co.kr
]","먹거리 관세율 낮춘다…외국인 돌봄서비스 확대(세종=연합뉴스) 송정은 기자 = 정부가 대체공휴일을 확대하거나 미국처럼 '요일제 공휴일'을 도입하는 방안을 검토한다. 충분한 휴식을 보장해 일과 생활의 균형을 찾겠다는 취지다. 먹거리 분야 관세율을 낮춰 필수 생계비 부담도 덜어내기로 했다. 정부는 3일 관계부처 합동으로 이런 내용 등을 담은 '역동경제 로드맵'을 발표했다.황금연휴 앞둔 김포공항 국내선 청사(서울=연합뉴스) 박동주 기자 = 황금연휴를 앞둔 3일 서울 강서구 김포공항 국내선 청사에서 여행객 등이 대기하고 있다. 2024.5.3 pdj6635@yna.co.kr 매년 '3일 연휴' 구상…의무 휴게시간 30분도 개선 정부는 날짜 중심의 공휴일제도를 개선키로 했다. 대체공휴일 확대 또는 특정 요일을 공휴일로 지정하는 요일제 공휴일로 매년 안정적인 휴일 수를 확보하겠다는 구상이다. 우리나라는 신정(1월 1일)과 현충일(6월 6일)에는 대체공휴일을 적용하지 않아 연도별로 공휴일 수가 차이가 난다. 주요 선진국은 날짜 지정 공휴일에 모두 대체공휴일을 적용하고 있다. 금·월요일을 공휴일로 지정한다면 주말과 이어 사흘간 쉼으로써 연휴 효과를 극대화할 수도 있다. 미국은 '월요일 공휴일 법', 일본은 '해피 먼데이 제도'를 운영해 많은 공휴일을 월요일로 지정했다. 어린의날·현충일·한글날 등은 요일제가 가능한 공휴일로 검토되고 있다. 정부는 현행 근로 시간 제도에 대한 개선 방안도 장기적으로 모색한다. 휴게시간 선택권을 높이는 안이 대표적이다. 현재는 4시간을 일하면 30분 이상을 의무적으로 쉬어야 한다. 이 때문에 4시간만 근무하는 근로자도 일한 뒤 30분간 쉬다가 퇴근해야 하는 등 불합리한 상황이 생기고 있다는 정부의 문제의식이다. 급여 지급도 현행 월급 체계를 '월 2회', '주1회', '2주1회' 지급 등 다양한 체계로 바꿔 나가는 방안을 연구하기로 했다.현충일 맞아 야구장 가득메운 야구팬들(인천=연합뉴스) 임순석 기자 = 6일 오후 인천 SSG랜더스필드에서 열린 2024 KBO리그 삼성 라이온즈와 SSG 랜더스의 경기. 시즌 4번째 매진을 기록한 가운데 야구팬들이 응원전을 펼치고 있다. 2024.6.6 soonseok02@yna.co.kr 기후변화 대응해 먹거리 관세 인하…'워런 버핏'처럼 기부문화 확산 기후변화 등에 대응해 장기적으로 먹거리 물가를 안정화할 방안도 담겼다. 먹거리 분야에 현재의 할당관세 방식 대신 근본적으로 관세율을 낮추도록 검토하겠다는 것이다. 기재부에 따르면 2022년 기준 육류 관세부과율은 6.95%, 어류는 8.39%, 낙농품 9.61%, 채소 23.43%, 과일 7.93% 등으로 나타나 전체 평균 1.49%와 비교해 상대적으로 높은 수준이다. 또 온라인 도매시장을 활성화하고, 농가는 토지·경영을 영농조합법인에 일임하고 조합은 소득을 농가에 주는 식의 '공동 영농모델'을 확산해 나가기로 했다.마트에 놓인 과일(서울=연합뉴스) 박동주 기자 = 사진은 4일 서울의 한 대형마트 과일 판매대. 2024.6.4 pdj6635@yna.co.kr 서로 상생하는 문화를 위해 기부 유인도 확대한다. 정부는 기부금 범위에 상장주식, 선불전자지급수단, 전자화폐, 선불카드, 상품권 등을 포함하도록 시행령 개정을 추진한다. 공인신탁 귀속 방식을 다양화하거나 투자 가능 대상을 확대하는 방안과 고향사랑기부금 세액공제 한도 상향도 검토한다. 기재부 김재훈 경제정책국장은 ""최근 워런 버핏이 유산을 공익신탁에 맡기겠다고 했는데 우리나라는 공익신탁 제도가 엄격해 활용도가 낮은 편""이라며 ""이런 부분의 제도 개선 방안을 검토해 나가겠다""고 말했다. 중장년 인력 활용 '계속고용'…'졸업 패스트트랙'도 도입 정부는 직무·성과 중심 임금체계가 확산하도록 직무급을 도입한 공공기관을 올해 109개에서 2027년 200개까지 늘릴 방침이다. 아울러 중장년층이 이른 퇴직 후 저임금 일자리로 옮기는 현상을 방지하기 위해 사회적 대화를 바탕으로 '계속고용 로드맵', '중장년 전직·재취업 활성화 방안'을 하반기 중 마련키로 했다. 정년 연장 논의도 함께 이뤄질 것으로 보인다. 돌봄 인력을 확충하기 위해 외국인 가사관리사와 체류 외국인 가사 돌봄 시범 사업을 내년부터 돌봄서비스 전반으로 확대하는 방안도 검토한다.'축하합니다'(서울=연합뉴스) 박동주 기자 = 23일 오전 2024년 겨울 학위수여식이 열린 서울 종로구 성균관대학교에서 졸업생들이 기념 촬영을 하고 있다. 2024.2.23 pdj6635@yna.co.kr 탄력적 대학 학사 운용으로 '조기졸업'이 가능한 신속 졸업 트랙도 운영키로 했다. 미국의 경우 고등학생이 대학 과목을 수강하고 고등학교·대학교 학점을 동시에 인정받기도 한다. 정부는 저소득층의 근로의욕을 높여 약자 보호도 강화하겠다는 방침이다. 영국의 '유니버설 크레딧' 제도를 참고해 고용-복지 전반의 소득 보장제도를 종합적으로 점검·평가하는 연구용역을 올 하반기 중으로 추진한다. 영국은 근로 연령층을 대상으로 하는 주요 사회부조 제도를 하나의 체계로 통합해 근로소득 증가에 따른 복지급여 감소 시 65% 수준의 단일감액률을 적용하고 있다. 빈곤층의 최저생활 보장 강화를 위해 생계급여 선정 기준은 기준 중위소득 32%에서 오는 27년까지 기준 중위소득 35%로 단계적으로 높여나갈 계획이다.그래픽 역동경제 로드맵 주요 내용(서울=연합뉴스) 김민지 기자 = minfo@yna.co.kr X(트위터) @yonhap_graphics 페이스북 tuney.kr/LeYN1 sje@yna.co.kr","The U.S. public holiday will be suspended for the next day, 'Second Day,' which means that the government will either extend its permanent holidays or introduce a balance of life, as in the United States. The government has decided to reduce the cost of living to 3 days.",0.6729332208633423,0.1317337602376938,0.01570490188896656,0.1093798354268074,0.056479550898075104,0.013768760487437248
2024-07-04 11:40:46,"당정 ""기업 세제, 경제활동 촉진 인센티브로 탈바꿈""",https://n.news.naver.com/mnews/article/001/0014787362?sid=100,"[
與세제개편특위…최상목 ""기업가 정신 세우고 혁신 유인하는 수단 돼야""(서울=연합뉴스) 김연정 김철선 기자 = 정부와 국민의힘은 4일 기업 세제가 경제 활동을 촉진하는 인센티브 역할을 할 수 있도록 개편해 나가겠다고 밝혔다.    당 재정세제개편특위 위원장인 송언석 의원은 이날 국회에서 열린 특위 회의에서 ""대한민국이 새로운 시대에 또 한 번 도약하려면 첨단기술 확보와 기업의 혁신 경영을 지원하는 조세 제도 개편이 필수적""이라고 말했다.    이어 ""첨단전략 기술은 당장 이익이 발생하지 않아도 시장 선점을 위한 즉각적인 대규모 투자가 필요한 상황""이라며 ""첨단기술 확보가 경제 성장에 꼭 필요한 만큼 기업들이 적극적이고 선제적으로 투자를 늘릴 수 있는 세제 개편을 적극 검토할 필요가 있다""고 강조했다.    또 ""정부가 발표한 기업 밸류업 활성화를 위한 세제 개편도 적극적으로 제도화돼야 한다""고 덧붙였다.     국회 기획재정위원장도 맡고 있는 송 의원은 ""국민과 기업이 바라고 민생을 살리는 기업 세제 개편 등을 위해 국회 기재위에서 절대다수 의석을 가진 민주당과 적극 협력하겠다""며 ""민생과 국가 경제를 위한 것인 만큼 여야 없이 적극 협조해 달라""고 했다.



기재위 첫 회의 주재하는 송언석 위원장(서울=연합뉴스) 김주성 기자 = 국민의힘 소속 송언석 국회 기획재정위원장이 2일 오전 서울 여의도 국회에서 기획재정위원회 첫 전체회의를 주재하고 있다. 2024.7.2 utzza@yna.co.kr최상목 부총리 겸 기획재정부 장관은 모두발언에서 ""세제가 변화된 환경을 따라가지 못하는 낡은 제도가 됐다. 특히 기업 세제는 기업가 정신을 세우고 혁신을 유인하고 보상을 작동시킬 효과적인 수단임에도 그간의 역할에 아쉬운 점이 많은 것도 사실""이라며 ""경제 활동을 촉진하는 인센티브로서의 세제로 탈바꿈이 필요한 시점""이라고 말했다.    이어 ""정부는 역동 경제 로드맵을 발표하며 자본시장 선진화를 위한 밸류업 세제 지원, 기업 성장 사다리 구축을 위한 조세특례 지원체계 개편, 인공지능(AI)·반도체 등 투자 촉진을 위한 세제 지원, 가업상속 공제 확대 등 다양한 세제 과제를 발표했다""며 ""상속세 등 낡고 오래된 세제를 변화된 환경에 맞춰 개선하려 한다""고 설명했다.    최 부총리는 ""다만 대부분 입법 과제인 데다 이해 갈등이 큰 정치 영역이라 정부 혼자 의지만으로는 부족하다""며 ""야당에도 진정성 있게 설명하겠다""고 밝혔다.     yjkim84@yna.co.kr
]","與세제개편특위…최상목 ""기업가 정신 세우고 혁신 유인하는 수단 돼야""(서울=연합뉴스) 김연정 김철선 기자 = 정부와 국민의힘은 4일 기업 세제가 경제 활동을 촉진하는 인센티브 역할을 할 수 있도록 개편해 나가겠다고 밝혔다. 당 재정세제개편특위 위원장인 송언석 의원은 이날 국회에서 열린 특위 회의에서 ""대한민국이 새로운 시대에 또 한 번 도약하려면 첨단기술 확보와 기업의 혁신 경영을 지원하는 조세 제도 개편이 필수적""이라고 말했다. 이어 ""첨단전략 기술은 당장 이익이 발생하지 않아도 시장 선점을 위한 즉각적인 대규모 투자가 필요한 상황""이라며 ""첨단기술 확보가 경제 성장에 꼭 필요한 만큼 기업들이 적극적이고 선제적으로 투자를 늘릴 수 있는 세제 개편을 적극 검토할 필요가 있다""고 강조했다. 또 ""정부가 발표한 기업 밸류업 활성화를 위한 세제 개편도 적극적으로 제도화돼야 한다""고 덧붙였다. 국회 기획재정위원장도 맡고 있는 송 의원은 ""국민과 기업이 바라고 민생을 살리는 기업 세제 개편 등을 위해 국회 기재위에서 절대다수 의석을 가진 민주당과 적극 협력하겠다""며 ""민생과 국가 경제를 위한 것인 만큼 여야 없이 적극 협조해 달라""고 했다.기재위 첫 회의 주재하는 송언석 위원장(서울=연합뉴스) 김주성 기자 = 국민의힘 소속 송언석 국회 기획재정위원장이 2일 오전 서울 여의도 국회에서 기획재정위원회 첫 전체회의를 주재하고 있다. 2024.7.2 utzza@yna.co.kr최상목 부총리 겸 기획재정부 장관은 모두발언에서 ""세제가 변화된 환경을 따라가지 못하는 낡은 제도가 됐다. 특히 기업 세제는 기업가 정신을 세우고 혁신을 유인하고 보상을 작동시킬 효과적인 수단임에도 그간의 역할에 아쉬운 점이 많은 것도 사실""이라며 ""경제 활동을 촉진하는 인센티브로서의 세제로 탈바꿈이 필요한 시점""이라고 말했다. 이어 ""정부는 역동 경제 로드맵을 발표하며 자본시장 선진화를 위한 밸류업 세제 지원, 기업 성장 사다리 구축을 위한 조세특례 지원체계 개편, 인공지능(AI)·반도체 등 투자 촉진을 위한 세제 지원, 가업상속 공제 확대 등 다양한 세제 과제를 발표했다""며 ""상속세 등 낡고 오래된 세제를 변화된 환경에 맞춰 개선하려 한다""고 설명했다. 최 부총리는 ""다만 대부분 입법 과제인 데다 이해 갈등이 큰 정치 영역이라 정부 혼자 의지만으로는 부족하다""며 ""야당에도 진정성 있게 설명하겠다""고 밝혔다. yjkim84@yna.co.kr","In fact, it is said that the forces of the National Council of Instigates and Constituents are going to be able to provide support for the First Institution and Instruence Commission for the Institution of Entrepreneurships. In fact, the forces of the United States and the rest of the people are going to be able to act as incentives for economic activity.",0.006976200267672539,0.968632698059082,0.009388747625052929,0.005376098677515984,0.005524173378944397,0.004102047067135572
2024-07-04 09:57:15,"박찬대, '윤 100억 발언'에 ""참을 수 없이 가벼운 경제인식 참담해""",https://n.news.naver.com/mnews/article/003/0012646570?sid=100,"[
윤, 야 '민생회복지원금' 겨냥해 ""왜 25만원 주나, 100억 줘라"" 직격야 ""윤, 모르면 물어보라…무조건 반대 말고 진지하게 검토해야""



[서울=뉴시스] 권창회 기자 = 박찬대 더불어민주당 대표 권한대행 겸 원내대표가 3일 오전 서울 여의도 국회에서 열린 최고위원회의에서 의사봉을 두드리고 있다. 2024.07.03. kch0523@newsis.com[서울=뉴시스]조재완 신재현 기자 = 박찬대 더불어민주당 당대표 권한대행 겸 원내대표는 4일 윤석열 대통령이 야당의 '민생회복지원금' 정책을 비판한 데 대해 ""야당에 대한 조롱은 차치해도 참을 수 없이 가벼운 경제인식에 참담함을 금할 수 없다""고 했다. 박 대표 권한대행은 이날 오전 국회 본청에서 열린 정책조정회의에서 ""민주당의 전국민 25만원 민생회복지원금을 두고 윤 대통령이 어제 '왜 25만원만 주나, 10억원, 100억원씩 줘도 되는 것 아니냐'고 말했다""며 이같이 비판했다. 그는 ""현금을 주자는 게 아니다. 사용기한이 정해진 소멸성 지역화폐를 지급해 강제적으로 사용하게 하자는 것""이라며 ""소비가 진작되고 매출이 늘어 지역경기가 활성화되고 세수도 늘어난다""고 주장했다. 또 ""25만원을 지원한 것보다 더 많이 세금으로 돌아온다""며 ""코로나 위기 때 긴급재난지원금으로 내수활성화를 경험한 적이 있는 효과검증된 정책""이라고 강조했다. 이어 윤 대통령을 향해 ""내용을 모르면 물어보라. 천천히 설명해드리겠다""고 날을 세웠다. 그는 ""소상공인과 자영업자의 고통이 심각하다. 코로나19 위기때보다 더 큰 위기상황을 체감하고 있다는 분들이 부지기수""라며 ""소비를 진작해 경기를 살려야 한다""고 말했다. 그러면서 ""윤 대통령은 무조건 반대만 하지말고 민주당의 민생회복지원금을 진지하게 검토하고 시행하길 바란다""고 꼬집었다．
]","윤, 야 '민생회복지원금' 겨냥해 ""왜 25만원 주나, 100억 줘라"" 직격야 ""윤, 모르면 물어보라…무조건 반대 말고 진지하게 검토해야""서울=뉴시스 권창회 기자 = 박찬대 더불어민주당 대표 권한대행 겸 원내대표가 3일 오전 서울 여의도 국회에서 열린 최고위원회의에서 의사봉을 두드리고 있다. 2024.07.03. kch0523@newsis.com서울=뉴시스조재완 신재현 기자 = 박찬대 더불어민주당 당대표 권한대행 겸 원내대표는 4일 윤석열 대통령이 야당의 '민생회복지원금' 정책을 비판한 데 대해 ""야당에 대한 조롱은 차치해도 참을 수 없이 가벼운 경제인식에 참담함을 금할 수 없다""고 했다. 박 대표 권한대행은 이날 오전 국회 본청에서 열린 정책조정회의에서 ""민주당의 전국민 25만원 민생회복지원금을 두고 윤 대통령이 어제 '왜 25만원만 주나, 10억원, 100억원씩 줘도 되는 것 아니냐'고 말했다""며 이같이 비판했다. 그는 ""현금을 주자는 게 아니다. 사용기한이 정해진 소멸성 지역화폐를 지급해 강제적으로 사용하게 하자는 것""이라며 ""소비가 진작되고 매출이 늘어 지역경기가 활성화되고 세수도 늘어난다""고 주장했다. 또 ""25만원을 지원한 것보다 더 많이 세금으로 돌아온다""며 ""코로나 위기 때 긴급재난지원금으로 내수활성화를 경험한 적이 있는 효과검증된 정책""이라고 강조했다. 이어 윤 대통령을 향해 ""내용을 모르면 물어보라. 천천히 설명해드리겠다""고 날을 세웠다. 그는 ""소상공인과 자영업자의 고통이 심각하다. 코로나19 위기때보다 더 큰 위기상황을 체감하고 있다는 분들이 부지기수""라며 ""소비를 진작해 경기를 살려야 한다""고 말했다. 그러면서 ""윤 대통령은 무조건 반대만 하지말고 민주당의 민생회복지원금을 진지하게 검토하고 시행하길 바란다""고 꼬집었다．","""Don't delay,"" he said, ""if you don't know why you're willing to give 10 billion"" -- if you don't know it, you should take it seriously -- ""but if you're willing to accept it, don't say no -- if you don't know why you're willing to accept it, you're not willing to accept it, but if you're willing to accept it, you're willing to accept it.",0.026647867634892464,0.8352243304252625,0.09824664145708084,0.01594955287873745,0.016422944143414497,0.0075087216682732105
2024-07-03 12:30:22,[하반기 경제] 부동산 PF 대수술…시행사 자기자본비율 상향,https://n.news.naver.com/mnews/article/001/0014784903?sid=101,"[
GDP 대비 가계부채 비율, 올해 말 90%초반으로 관리



PF 사업장 현장[연합뉴스 자료사진]    (서울=연합뉴스) 임수정 기자 = 정부가 부동산 프로젝트파이낸싱(PF) 시행사의 자기자본 비율을 높이고 대출 시 사업성 평가를 강화하는 내용의 'PF 제도 개선 방안'을 연내 발표한다.    정부는 3일 관계부처 합동으로 발표한 '2024년 하반기 경제정책방향'에서 근본적인 PF 사업구조 개편 방안을 마련 중이라고 밝혔다.    우선 정부는 PF 사업의 자기자본 비율 확대를 유도하기 위해 자기자본 비율에 따른 인센티브를 차등화할 방침이다.     금융사가 PF 대출을 공급할 때 자기자본 비율이 낮을수록 더 많은 대손충당금을 쌓는 방안 등이 검토될 것으로 보인다.    시행사가 적은 자기자본으로 무리하게 레버리지를 일으켜 사업을 진행하는 구조는 PF 사업의 고질적인 문제로 꼽혀왔다.     국내 시행사는 총사업비의 3~5%만 자기자본을 투입하고 나머지는 대출에 의존하는 형식으로 사업을 추진하다 보니 위기 시 충격이 크고 금융권·건설업계 등으로 파장이 전이되는 사태가 반복돼 왔다.    정부는 우수한 역량을 갖춘 디벨로퍼 중심으로 부동산 개발이 이뤄질 수 있도록 우수업체 선별·지원, 전문인력 관리 체계화 등 시행업계의 내실화도 추진하기로 했다.    부동산 PF 대출 시 사업성 평가를 강화하고 PF 시장 참여자의 건전성 유지를 위한 방안도 마련한다.     PF 시장 투명성을 강화를 위해서는 PF 통합정보 시스템을 구축하기로 했다. PF 사업자별 재무 자료와 사업성에 대한 자료가 부족하다는 지적을 수용한 것이다.



[그래픽] 2024 하반기 경제정책방향 주요 내용(서울=연합뉴스) 김민지 기자 = minfo@yna.co.kr    X(트위터) @yonhap_graphics  페이스북 tuney.kr/LeYN1    정부는 PF와 함께 한국 경제 잠재 리스크로 꼽히는 가계부채에 대한 관리 기조도 재확인했다.    정부는 연말 기준 국내총생산(GDP) 대비 가계부채 비율을 90%대 초반으로 관리할 계획이다. 지난해 말 기준 GDP 대비 가계부채 비율은 93.5%였다.     스트레스 총부채원리금상환비율(DSR) 적용 범위를 오는 9월 확대하는 등 DSR 규제를 점진적으로 내실화·확대하고, 커버드본드 시장 활성화 등을 통해 장기·고정금리 주택담보대출 취급 기반을 넓힌다.     아울러 빅데이터(신용카드 결제액 등)·인공지능(AI) 모형을 활용해 소비·투자 등 실물경기 흐름을 실시간으로 파악·진단하기 위한 방안도 마련 중이라고 밝혔다.    sj9974@yna.co.kr
]","GDP 대비 가계부채 비율, 올해 말 90%초반으로 관리PF 사업장 현장연합뉴스 자료사진 (서울=연합뉴스) 임수정 기자 = 정부가 부동산 프로젝트파이낸싱(PF) 시행사의 자기자본 비율을 높이고 대출 시 사업성 평가를 강화하는 내용의 'PF 제도 개선 방안'을 연내 발표한다. 정부는 3일 관계부처 합동으로 발표한 '2024년 하반기 경제정책방향'에서 근본적인 PF 사업구조 개편 방안을 마련 중이라고 밝혔다. 우선 정부는 PF 사업의 자기자본 비율 확대를 유도하기 위해 자기자본 비율에 따른 인센티브를 차등화할 방침이다. 금융사가 PF 대출을 공급할 때 자기자본 비율이 낮을수록 더 많은 대손충당금을 쌓는 방안 등이 검토될 것으로 보인다. 시행사가 적은 자기자본으로 무리하게 레버리지를 일으켜 사업을 진행하는 구조는 PF 사업의 고질적인 문제로 꼽혀왔다. 국내 시행사는 총사업비의 3~5%만 자기자본을 투입하고 나머지는 대출에 의존하는 형식으로 사업을 추진하다 보니 위기 시 충격이 크고 금융권·건설업계 등으로 파장이 전이되는 사태가 반복돼 왔다. 정부는 우수한 역량을 갖춘 디벨로퍼 중심으로 부동산 개발이 이뤄질 수 있도록 우수업체 선별·지원, 전문인력 관리 체계화 등 시행업계의 내실화도 추진하기로 했다. 부동산 PF 대출 시 사업성 평가를 강화하고 PF 시장 참여자의 건전성 유지를 위한 방안도 마련한다. PF 시장 투명성을 강화를 위해서는 PF 통합정보 시스템을 구축하기로 했다. PF 사업자별 재무 자료와 사업성에 대한 자료가 부족하다는 지적을 수용한 것이다.그래픽 2024 하반기 경제정책방향 주요 내용(서울=연합뉴스) 김민지 기자 = minfo@yna.co.kr X(트위터) @yonhap_graphics 페이스북 tuney.kr/LeYN1 정부는 PF와 함께 한국 경제 잠재 리스크로 꼽히는 가계부채에 대한 관리 기조도 재확인했다. 정부는 연말 기준 국내총생산(GDP) 대비 가계부채 비율을 90%대 초반으로 관리할 계획이다. 지난해 말 기준 GDP 대비 가계부채 비율은 93.5%였다. 스트레스 총부채원리금상환비율(DSR) 적용 범위를 오는 9월 확대하는 등 DSR 규제를 점진적으로 내실화·확대하고, 커버드본드 시장 활성화 등을 통해 장기·고정금리 주택담보대출 취급 기반을 넓힌다. 아울러 빅데이터(신용카드 결제액 등)·인공지능(AI) 모형을 활용해 소비·투자 등 실물경기 흐름을 실시간으로 파악·진단하기 위한 방안도 마련 중이라고 밝혔다. sj9974@yna.co.kr","The government seems to have been concerned with raising its own deficits in its own economy, which will allow itself to continue its sub-conservation of its own private sectors.",0.33010968565940857,0.1365882009267807,0.019311293959617615,0.17475464940071106,0.3222449719905853,0.016991235315799713
2024-07-04 10:29:34,[프로필]김병환 금융위원장 내정자…거시경제 정책통,https://n.news.naver.com/mnews/article/003/0012646735?sid=101,"[
최연소 금융위원장…기재부서 거시경제·정책기획 두루 경험尹대통령 인수위서 경제 국정과제 기여STX·현대그룹 등 구조조정 경력…OECE·IDB도 거쳐



[서울=뉴시스] 배훈식 기자 = 김병환 기획재정부 제1차관이 2일 오전 서울 종로구 정부서울청사에서 열린 물가관계차관회의에서 발언하고 있다. 2024.07.02. dahora83@newsis.com[서울=뉴시스]우연수 기자 = 김병환 기획재정부 1차관이 금융위원회의 새로운 수장으로 내정됐다.대통령실은 4일 신임 금융위원장에 김 1차관을 내정했다고 밝혔다.금융권 안팎에서는 대내외 고금리 기조 등 금융시장 환경 불확실성이 커진 상황에서 거시 경제와 정책 기획 분야를 두루 경험한 김병환 후보자가 적합한 인물이라는 평이 나오고 있다.1971년생 김병환 후보자는 금융감독위원회에서 금융위원회로 개편된 이래 최연소 위원장으로 남아있는 제4대 신제윤 전 금융위원장(55세)보다 젊은 만 53세다.그는 경남 마산 출신으로 부산 사직고와 서울대 경제학과를 졸업하고 영국 버밍엄대 대학원 경영학 석사 과정을 수료했다. 행정고시 37회로 1993년 공직에 입문해 기재부 자금시장과장, 경제분석과장, 종합정책과장, 경제정책국장, 기재부 1차관 등 거시정책 관련 핵심 보직을 역임했다.그는 윤석열 대통령이 당선인이던 시절 대통령직인수위원회에 파견돼 경제 관련 대선 공약을 국정과제로 구현하는데 기여한 것으로 전해진다. 새 정부 출범과 함께 초대 대통령실 경제금융비서관을 맡았다. 지난 2008년 이명박 정부 당시에는 대통령실 경제수석비서관실 행정관으로 파견되기도 했다.김 후보자는 STX그룹, 현대그룹, 동부그룹 등 구조조정 과정에 관여해 기업 구조조정 분야 경력도 인정받고 있다. 2009년에는 경제협력개발기구(OECD) 정책분석관으로 활약했고 2016년부터는 미주개발은행(IDB) 선임스페셜리스트를 맡은 경력도 있어 국제 경제에 대해서도 해박한 것으로 알려졌다.▲1971년 경남 마산 ▲부산 사직고 ▲서울대 경제학과 ▲영국 버밍엄대 경영학 석사 ▲행정고시 37회 ▲기획재정부 자금시장과장 ▲경제분석과장 ▲종합정책과장 ▲경제구조개혁국 인구정책TF ▲경제정책국장 ▲대통령실 비서관 ▲기재부 1차관
]","최연소 금융위원장…기재부서 거시경제·정책기획 두루 경험尹대통령 인수위서 경제 국정과제 기여STX·현대그룹 등 구조조정 경력…OECE·IDB도 거쳐서울=뉴시스 배훈식 기자 = 김병환 기획재정부 제1차관이 2일 오전 서울 종로구 정부서울청사에서 열린 물가관계차관회의에서 발언하고 있다. 2024.07.02. dahora83@newsis.com서울=뉴시스우연수 기자 = 김병환 기획재정부 1차관이 금융위원회의 새로운 수장으로 내정됐다.대통령실은 4일 신임 금융위원장에 김 1차관을 내정했다고 밝혔다.금융권 안팎에서는 대내외 고금리 기조 등 금융시장 환경 불확실성이 커진 상황에서 거시 경제와 정책 기획 분야를 두루 경험한 김병환 후보자가 적합한 인물이라는 평이 나오고 있다.1971년생 김병환 후보자는 금융감독위원회에서 금융위원회로 개편된 이래 최연소 위원장으로 남아있는 제4대 신제윤 전 금융위원장(55세)보다 젊은 만 53세다.그는 경남 마산 출신으로 부산 사직고와 서울대 경제학과를 졸업하고 영국 버밍엄대 대학원 경영학 석사 과정을 수료했다. 행정고시 37회로 1993년 공직에 입문해 기재부 자금시장과장, 경제분석과장, 종합정책과장, 경제정책국장, 기재부 1차관 등 거시정책 관련 핵심 보직을 역임했다.그는 윤석열 대통령이 당선인이던 시절 대통령직인수위원회에 파견돼 경제 관련 대선 공약을 국정과제로 구현하는데 기여한 것으로 전해진다. 새 정부 출범과 함께 초대 대통령실 경제금융비서관을 맡았다. 지난 2008년 이명박 정부 당시에는 대통령실 경제수석비서관실 행정관으로 파견되기도 했다.김 후보자는 STX그룹, 현대그룹, 동부그룹 등 구조조정 과정에 관여해 기업 구조조정 분야 경력도 인정받고 있다. 2009년에는 경제협력개발기구(OECD) 정책분석관으로 활약했고 2016년부터는 미주개발은행(IDB) 선임스페셜리스트를 맡은 경력도 있어 국제 경제에 대해서도 해박한 것으로 알려졌다.▲1971년 경남 마산 ▲부산 사직고 ▲서울대 경제학과 ▲영국 버밍엄대 경영학 석사 ▲행정고시 37회 ▲기획재정부 자금시장과장 ▲경제분석과장 ▲종합정책과장 ▲경제구조개혁국 인구정책TF ▲경제정책국장 ▲대통령실 비서관 ▲기재부 1차관","The president of the United States, the president of the U.S.",0.1205473244190216,0.5641238689422607,0.055949125438928604,0.1584785282611847,0.07577041536569595,0.025130651891231537
2024-07-04 10:58:49,[프로필] 김범석 기재부 1차관…정책분야 정통 경제관료,https://n.news.naver.com/mnews/article/001/0014787113?sid=101,"[
대통령실 비서관 거쳐 친정 복귀…합리적·온화적 리더십



김범석 신임 기재부 1차관[연합뉴스 자료사진](세종=연합뉴스) 송정은 기자 = 김범석(54) 신임 기획재정부 1차관은 정책분야를 두루 섭렵한 정통 경제관료다.    기재부 차관보에서 대통령비서실 경제금융비서관으로 자리를 옮겼다가, 거시경제 정책과 세제를 총괄하는 1차관으로 기재부에 복귀했다.    기재부 내에서 정책·세제·금융 등 다양한 실·국을 거치며 기재부 전 업무 분야에 경험과 식견을 쌓았다.    대통령실에 여러 차례 근무하며 대통령을 보좌하는 참모 역할도 경험했다.    1993년 행정고시 37회로 공직에 입문했다.    기재부 경제정책국에서 물가정책과장, 인력정책과장, 재정기획과장 등을 맡았다. 세제실에서 양자관세협력과장을, 국제금융정책국에서 지역금융과장을 거쳤다.    윤석열 정부 들어 정책조정국장을 맡아 신성장 4.0 전략을 짰고 경제정책 관련 국을 총괄하는 차관보를 맡았다.    직원들에게 신망이 두텁고 온화하고 합리적인 리더십을 가진 것으로 평가된다.▲ 서울(54) ▲ 서울 광성고 ▲ 서울대 경영학과 ▲ 미국 뉴욕대 행정학 석사 ▲ 행정고시 37회 ▲ 필리핀 아시아개발은행(ADB) 성과관리전문가 ▲ 기재부 혁신성장추진기획단장 ▲ 〃 정책조정국장 ▲ 〃 차관보 ▲ 대통령비서실 경제금융비서관    sje@yna.co.kr
]","대통령실 비서관 거쳐 친정 복귀…합리적·온화적 리더십김범석 신임 기재부 1차관연합뉴스 자료사진(세종=연합뉴스) 송정은 기자 = 김범석(54) 신임 기획재정부 1차관은 정책분야를 두루 섭렵한 정통 경제관료다. 기재부 차관보에서 대통령비서실 경제금융비서관으로 자리를 옮겼다가, 거시경제 정책과 세제를 총괄하는 1차관으로 기재부에 복귀했다. 기재부 내에서 정책·세제·금융 등 다양한 실·국을 거치며 기재부 전 업무 분야에 경험과 식견을 쌓았다. 대통령실에 여러 차례 근무하며 대통령을 보좌하는 참모 역할도 경험했다. 1993년 행정고시 37회로 공직에 입문했다. 기재부 경제정책국에서 물가정책과장, 인력정책과장, 재정기획과장 등을 맡았다. 세제실에서 양자관세협력과장을, 국제금융정책국에서 지역금융과장을 거쳤다. 윤석열 정부 들어 정책조정국장을 맡아 신성장 4.0 전략을 짰고 경제정책 관련 국을 총괄하는 차관보를 맡았다. 직원들에게 신망이 두텁고 온화하고 합리적인 리더십을 가진 것으로 평가된다.▲ 서울(54) ▲ 서울 광성고 ▲ 서울대 경영학과 ▲ 미국 뉴욕대 행정학 석사 ▲ 행정고시 37회 ▲ 필리핀 아시아개발은행(ADB) 성과관리전문가 ▲ 기재부 혁신성장추진기획단장 ▲ 〃 정책조정국장 ▲ 〃 차관보 ▲ 대통령비서실 경제금융비서관 sje@yna.co.kr",A joint executive of the U.S.,0.0883900448679924,0.6495258212089539,0.04635185748338699,0.09956710785627365,0.09328256547451019,0.022882618010044098
